Serviço;Cnpj;RazaoSocial;ValorMaximo;Periodicidade
Comum_para débito_saque_consultas;5241619;COOPERATIVA DE CRÉDITO DE LIVRE ADMISSÃO DO MÉDIO LESTE DE MATO GROSSO - SICOOB PRIMAVERA MT;900;A cada 365 dias
Comum_para débito_saque_consultas;10319386;COOPERATIVA DE CRÉDITO DE LIVRE ADMISSÃO DO CENTRO SUL DE MATO GROSSO DO SUL - SICOOB CENTRO SUL MS;900;A cada 365 dias
Comum_para débito_saque_consultas;3326437;COOPERATIVA DE CRÉDITO DE LIVRE ADMISSÃO DO CENTRO NORTE DOS ESTADOS DE MATO GROSSO E MATO GROSSO DO SUL - SICOOB UNIÃO MT/MS;900;A cada 360 dias
Comum_para débito_saque_consultas;8742188;COOPERATIVA DE CRÉDITO DE LIVRE ADMISSÃO UNIÃO E NEGÓCIOS - SICOOB INTEGRAÇÃO;900;A cada 365 dias
Comum_para débito_saque_consultas;3612764;COOPERATIVA DE CRÉDITO  DE FRONTEIRAS  LTDA. - SICOOB FRONTEIRAS;900;A cada 365 dias
Comum_para débito_saque_consultas;5247312;COOPERATIVA DE CRÉDITO DE LIVRE ADMISSÃO BURITIS - SICOOB BURITIS;900;A cada 365 dias
Comum_para débito_saque_consultas;23623636;COOPERATIVA DE CRÉDITO DE LIVRE ADMISSÃO DO NORTE DE MATO GROSSO - SICOOB NORTE MT;900;A cada 365 dias
Comum_para débito_saque_consultas;24610065;COOPERATIVA DE CRÉDITO SICOOB IPÊ - SICOOB IPÊ;900;A cada 365 dias
Comum_para débito_saque_consultas;92816560;BANCO REGIONAL DE DESENVOLVIMENTO DO EXTREMO SUL;400;A cada 365 dias
Comum_para débito_saque_consultas;7925729;COOPERATIVA DE CRÉDITO E INVESTIMENTO COM INTERAÇÃO SOLIDÁRIA NORTE PARANAENSE - CRESOL NORTE PARANAENSE;250;A cada 180 dias
Comum_para débito_saque_consultas;5276770;COOPERATIVA DE CRÉDITO E INVESTIMENTO COM INTERAÇÃO SOLIDÁRIA FRONTEIRAS PR/SC/SP/ES - CRESOL FRONTEIRAS PR/SC/SP/ES;250;A cada 180 dias
Comum_para débito_saque_consultas;4490531;COOPERATIVA DE CRÉDITO E INVESTIMENTO COM INTERAÇÃO SOLIDÁRIA DE GOIÁS - CRESOL GOIÁS;250;A cada 180 dias
Comum_para débito_saque_consultas;8560508;COOPERATIVA DE CRÉDITO E INVESTIMENTO COM INTERAÇÃO SOLIDÁRIA TRIUNFO - CRESOL TRIUNFO;250;A cada 180 dias
Comum_para débito_saque_consultas;6126780;COOPERATIVA DE CRÉDITO E INVESTIMENTO COM INTERAÇÃO SOLIDÁRIA GRANDES LAGOS PR/SP - CRESOL GRANDES LAGOS PR/SP;250;A cada 180 dias
Comum_para débito_saque_consultas;2446089;COOPERATIVA DE CRÉDITO E INVESTIMENTO COM INTERAÇÃO SOLIDÁRIA UNIÃO - CRESOL UNIÃO;250;A cada 180 dias
Comum_para débito_saque_consultas;5277312;COOPERATIVA DE CRÉDITO E INVESTIMENTO COM INTERAÇÃO SOLIDÁRIA HORIZONTE - CRESOL HORIZONTE;250;A cada 180 dias
Comum_para débito_saque_consultas;2934201;COOPERATIVA DE CRÉDITO E INVESTIMENTO COM INTERAÇÃO SOLIDÁRIA LIDERANÇA - CRESOL LIDERANÇA;250;A cada 180 dias
Comum_para débito_saque_consultas;971300;COOPERATIVA DE CREDITO E INVESTIMENTO COM INTERACAO SOLIDARIA PIONEIRA - CRESOL PIONEIRA;250;A cada 360 dias
Comum_para débito_saque_consultas;6139650;COOPERATIVA DE CRÉDITO E INVESTIMENTO COM INTERAÇÃO SOLIDÁRIA DO RIO GRANDE DO SUL - CRESOL RIO GRANDE DO SUL;250;A cada 180 dias
Comum_para débito_saque_consultas;10520232;COOPERATIVA DE CRÉDITO E INVESTIMENTO COM INTERAÇÃO SOLIDÁRIA DA AMAZÔNIA - CRESOL AMAZÔNIA;250;A cada 180 dias
Comum_para débito_saque_consultas;4663561;COOPERATIVA DE CRÉDITO E INVESTIMENTO COM INTERAÇÃO SOLIDÁRIA VALE DAS ÁGUAS - CRESOL VALE DAS ÁGUAS;250;A cada 180 dias
Comum_para débito_saque_consultas;5231945;COOPERATIVA DE CRÉDITO E INVESTIMENTO COM INTERAÇÃO SOLIDÁRIA UNIÃO DOS VALES - CRESOL UNIÃO DOS VALES;250;A cada 180 dias
Comum_para débito_saque_consultas;8624548;COOPERATIVA DE CRÉDITO E INVESTIMENTO COM INTERAÇÃO SOLIDÁRIA DE MINAS GERAIS - CRESOL MINAS GERAIS;250;A cada 180 dias
Comum_para débito_saque_consultas;7268499;COOPERATIVA DE CRÉDITO E INVESTIMENTO COM INTERAÇÃO SOLIDÁRIA INTEGRAÇÃO - CRESOL INTEGRAÇÃO;250;A cada 180 dias
Comum_para débito_saque_consultas;3965737;COOPERATIVA DE CRÉDITO E INVESTIMENTO COM INTERAÇÃO SOLIDÁRIA VANGUARDA - CRESOL VANGUARDA;250;A cada 180 dias
Comum_para débito_saque_consultas;4350225;COOPERATIVA DE CRÉDITO E INVESTIMENTO COM INTERAÇÃO SOLIDÁRIA TRADIÇÃO - CRESOL TRADIÇÃO;250;A cada 180 dias
Comum_para débito_saque_consultas;2448310;COOPERATIVA DE CRÉDITO E INVESTIMENTO COM INTERAÇÃO SOLIDÁRIA PROGRESSO - CRESOL PROGRESSO;250;A cada 180 dias
Comum_para débito_saque_consultas;11969853;COOPERATIVA DE CRÉDITO E INVESTIMENTO COM INTERAÇÃO SOLIDÁRIA CONEXÃO - CRESOL CONEXÃO;250;A cada 180 dias
Comum_para débito_saque_consultas;7512780;COOPERATIVA DE CRÉDITO E INVESTIMENTO COM INTERAÇÃO SOLIDÁRIA DO VALE EUROPEU - CRESOL VALE EUROPEU;250;A cada 180 dias
Comum_para débito_saque_consultas;63229629;COOPERATIVA DE CREDITO RURAL ASCOOB SISAL;200;A cada 180 dias
Comum_para débito_saque_consultas;7564184;COOPERATIVA DE CRÉDITO RURAL ASCOOB SERTÕES - ASCOOB SERTÕES;200;A cada 180 dias
Comum_para débito_saque_consultas;2025743;COOPERATIVA DE CRÉDITO E INVESTIMENTO COM INTERAÇÃO SOLIDÁRIA VALE DO OURO - CRESOL VALE DO OURO;200;A cada 360 dias
Comum_para débito_saque_consultas;7412987;COOPERATIVA DE CRÉDITO E ECONOMIA COM INTERAÇÃO SOLIDÁRIA - CRESOL ALIANÇA;150;A cada 360 dias
Comum_para débito_saque_consultas;71328769;SICOOB COCRED COOPERATIVA DE CRÉDITO;144;A cada 365 dias
Comum_para débito_saque_consultas;42873828;COOPERATIVA DE CRÉDITO AGROCREDI LTDA. - SICOOB AGROCREDI;130,8;A cada 2190 dias
Comum_para débito_saque_consultas;54190525;COOPERATIVA DE ECONOMIA E CRÉDITO MÚTUO DOS SERVIDORES MUNICIPAIS DA REGIÃO METROPOLITANA DO VALE DO PARAÍBA E LITORAL NORTE - SICOOB-CRESSEM;120;A cada 365 dias
Comum_para débito_saque_consultas;26526166;COOPERATIVA DE CRÉDITO DE LIVRE ADMISSÃO SUL MARANHENSE - SICOOB SUL MARANHENSE;106;A cada 365 dias
Comum_para débito_saque_consultas;41753500;COOPERATIVA DE CRÉDITO CARLOS CHAGAS LTDA. - SICOOB CARLOS CHAGAS;100;A cada 30 dias
Comum_para débito_saque_consultas;10808037;COOPERATIVA DE CRÉDITO DOS EMPRESÁRIOS DE MANAUS - SICOOB CREDEMPRESAS-AM;100;A cada 365 dias
Comum_para débito_saque_consultas;14046512;COOPERATIVA DE CRÉDITO DE LIVRE ADMISSÃO DA MARGEM ESQUERDA DO URUCUIA E SÃO FRANCISCO LTDA - SICOOB CREDICHAPADA;100;A cada 365 dias
Comum_para débito_saque_consultas;17184037;BANCO MERCANTIL DO BRASIL S.A.;80;A cada 180 dias
Comum_para débito_saque_consultas;1152097;COOPERATIVA DE CRÉDITO CREDIMATA LTDA. - SICOOB CREDIMATA;70;A cada 30 dias
Comum_para débito_saque_consultas;25606237;COOPERATIVA DE POUPANÇA E CRÉDITO DO VALE DO RIO DOCE LTDA - SICOOB CREDIRIODOCE;60;A cada 60 dias
Comum_para débito_saque_consultas;10175348;COOPERATIVA DE CRÉDITO MÚTUO DE LIVRE ADMISSÃO DA REGIÃO ADMINISTRATIVA DE SOROCABA - SICOOB COOPERASO;60;A cada 360 dias
Comum_para débito_saque_consultas;2232383;COOPERATIVA DE CRÉDITO DE LIVRE ADMISSÃO DA REGIÃO DO CIRCUITO CAMPOS DAS VERTENTES LTDA - SICOOB COPERMEC;60;A cada 365 dias
Comum_para débito_saque_consultas;26359745;COOPERATIVA DE CRÉDITO SICOOBMAIS  LTDA. - SICOOBMAIS;50;A cada 365 dias
Comum_para débito_saque_consultas;2031139;SICOOB CREDIMONTES - COOPERATIVA DE CRÉDITO DE LIVRE ADMISSÃO REGIONAL DE MONTES CLAROS LTDA;50;A cada 30 dias
Comum_para débito_saque_consultas;64237530;COOPERATIVA DE CRÉDITO CREDIUNA LTDA - SICOOB CREDIUNA;30;A cada 180 dias
Comum_para débito_saque_consultas;41931445;COOPERATIVA DE CRÉDITO CREDIFOR LTDA - SICOOB CREDIFOR;30;A cada 360 dias
Comum_para débito_saque_consultas;71297899;COOPERATIVA DE CRÉDITO DE LIVRE ADMISSÃO DO OESTE MINEIRO LTDA. - SICOOB CREDICOPA;30;A cada 360 dias
Comum_para débito_saque_consultas;25387713;COOPERATIVA DE CRÉDITO DE LIVRE ADMISSÃO DA REGIÃO DE  PARÁ DE MINAS LTDA - SICOOB CREDIRURAL;30;A cada 360 dias
Comum_para débito_saque_consultas;5442029;CASA DO CRÉDITO S.A. SOCIEDADE DE CRÉDITO AO MICROEMPREENDEDOR;30;A cada 365 dias
Comum_para débito_saque_consultas;86585049;COOPERATIVA DE CRÉDITO DA REGIÃO DO VALE DO RIO GRANDE LTDA. - SICOOB CREDILEITE;30;A cada 365 dias
Comum_para débito_saque_consultas;86564051;COOPERATIVA DE CRÉDITO NOROESTE DE MINAS LTDA. - SICOOB NOROESTE DE MINAS;26,4;A cada 360 dias
Comum_para débito_saque_consultas;94433109;COOPERATIVA DE ECONOMIA E CREDITO MUTUO DOS MEDICOS DE PORTO ALEGRE LTDA-UNICRED PORTO ALEGRE;25;A cada 365 dias
Comum_para débito_saque_consultas;4913711;BANCO DO ESTADO DO PARÁ S.A.;25;A cada 360 dias
Comum_para débito_saque_consultas;5351887;ZEMA CRÉDITO, FINANCIAMENTO E INVESTIMENTO S/A;25;A cada 1 dias
Comum_para débito_saque_consultas;1664968;COOPERATIVA  DE CRÉDITO DE LIVRE ADMISSÃO DE ASSOCIADOS UNIRONDÔNIA LTDA;24;A cada 180 dias
Comum_para débito_saque_consultas;62673470;COOPERATIVA DE CRÉDITO SICOOB COOPMIL;24;A cada 365 dias
Comum_para débito_saque_consultas;86389236;COOPERATIVA DE CRÉDITO SICOOB UNI SUDESTE;24;A cada 721 dias
Comum_para débito_saque_consultas;65229254;COOPERATIVA DE CRÉDITO COOPACREDI LTDA. - SICOOB COOPACREDI;22;A cada 365 dias
Comum_para débito_saque_consultas;22760839;COOPERATIVA DE CRÉDITO NOSSOCRÉDITO LTDA - SICOOB NOSSOCRÉDITO;21,4;A cada 365 dias
Comum_para débito_saque_consultas;71154256;COOPERATIVA DE CRÉDITO SACRAMENTO LTDA - SICOOB SACRAMENTO;20;A cada 30 dias
Comum_para débito_saque_consultas;1705236;COOPERATIVA DE ECONOMIA E CRÉDITO MÚTUO UNICRED PROSPERAR LTDA. - UNICRED PROSPERAR;20;A cada 360 dias
Comum_para débito_saque_consultas;94243839;COOPERATIVA DE ECONOMIA E CRÉDITO MÚTUO DO VALE DAS ANTAS LTDA. - UNICRED PIONEIRA;20;A cada 360 dias
Comum_para débito_saque_consultas;1572667;COOPERATIVA DE ECONOMIA E CRÉDITO MÚTUO UNICRED ERECHIM LTDA;20;A cada 360 dias
Comum_para débito_saque_consultas;1090027;COOPERATIVA DE ECONOMIA E CREDITO MUTUO DOS MEDICOS E CATEGORIAS AFINS-UNICRED NITEROI LTDA;20;A cada 1 dias
Comum_para débito_saque_consultas;2794761;COOPERATIVA DE ECONOMIA E CRÉDITO MÚTUO DOS SERVIDORES DA UNIVERSIDADE FEDERAL DE VIÇOSA LTDA. - SICOOB UFVCREDI;20;A cada 90 dias
Comum_para débito_saque_consultas;71230338;COOPERATIVA DE CRÉDITO DE LIVRE ADMISSÃO DE ARCOS LTDA. - SICOOB ARCOMCREDI;20;A cada 360 dias
Comum_para débito_saque_consultas;82133182;COOPERATIVA DE CRÉDITO DO VALE EUROPEU - SICOOB EURO VALE;20;A cada 30 dias
Comum_para débito_saque_consultas;1796302;COOPERATIVA DE CRÉDITO UNICRED REGIÃO DOS VALES LTDA. - UNICRED REGIÃO DOS VALES;20;A cada 360 dias
Comum_para débito_saque_consultas;81367880;COOPERATIVA DE CRÉDITO DE LIVRE ADMISSÃO DE ASSOCIADOS SUL CATARINENSE - SICOOB CREDISULCA SC;20;A cada 30 dias
Comum_para débito_saque_consultas;1526924;COOPERATIVA DE ECONOMIA E CRÉDITO MÚTUO UNICRED HORIZONTES LTDA - UNICRED HORIZONTES;20;A cada 360 dias
Comum_para débito_saque_consultas;95163002;COOPERATIVA DE ECONOMIA E CRÉDITO MÚTUO UNICRED ELEVA LTDA.;20;A cada 360 dias
Comum_para débito_saque_consultas;73750424;COOPERATIVA DE ECONOMIA E CRÉDITO MÚTUO UNICRED INTEGRAÇÃO LTDA.;20;A cada 360 dias
Comum_para débito_saque_consultas;1657678;COOPERATIVA DE CRÉDITO DE LIVRE ADMISSÃO DA REGIÃO DE SÃO SEBASTIÃO DO PARAÍSO LTDA. - SICOOB PARAÍSOCRED;20;A cada 30 dias
Comum_para débito_saque_consultas;1634601;COOPERATIVA CENTRAL DE CRÉDITO UNICRED GERAÇÃO LTDA. - UNICRED CENTRAL GERAÇÃO;20;A cada 360 dias
Comum_para débito_saque_consultas;2833202;COOPERATIVA DE CRÉDITO DE LIVRE ADMISSÃO DE VITÓRIA DA CONQUISTA;20;A cada 365 dias
Comum_para débito_saque_consultas;9576849;COOPERATIVA DE CRÉDITO DE LIVRE ADMISSÃO DE CERES E RIALMA LTDA;20;A cada 360 dias
Comum_para débito_saque_consultas;2641032;COOPERATIVA DE ECONOMIA E CRÉDITO MÚTUO UNICRED PONTO CAPITAL - UNICRED PONTO CAPITAL.;20;A cada 360 dias
Comum_para débito_saque_consultas;53935029;COOPERATIVA DE CRÉDITO COOCRELIVRE;20;A cada 30 dias
Comum_para débito_saque_consultas;33579731;COOPERATIVA DE CRÉDITO DE LIVRE ADMISSÃO DO CENTRO-SUL GOIANO LTDA;20;A cada 365 dias
Comum_para débito_saque_consultas;25536764;COOPERATIVA DE CRÉDITO CREDILUZ LTDA. - SICOOB CREDILUZ;20;A cada 365 dias
Comum_para débito_saque_consultas;71419600;COOPERATIVA DE CRÉDITO DE LIVRE ADMISSÃO DA REGIÃO DE FRUTAL LTDA.   SICOOB FRUTAL;20;A cada 365 dias
Comum_para débito_saque_consultas;36900256;COOPERATIVA DE CRÉDITO DOS MÉDICOS, PROFISSIONAIS DA SAÚDE E EMPRESÁRIOS DE MATO GROSSO;20;A cada 1 dias
Comum_para débito_saque_consultas;10262276;COOPERATIVA DE CRÉDITO DE LIVRE ADMISSÃO DO ESTADO DE SÃO PAULO - SICOOB PAULISTA;20;A cada 30 dias
Comum_para débito_saque_consultas;42887133;COOPERATIVA DE CREDITO DE LIVRE ADMISSÃO DA REGIÃO SUDESTE DE MINAS GERAIS LTDA. - SICOOB CREDISUCESSO;20;A cada 365 dias
Comum_para débito_saque_consultas;1635462;COOPERATIVA DE ECONOMIA E CRÉDITO MÚTUO DOS MÉDICOS DOS VALES DO TAQUARI E RIO PARDO E REGIÃO DA PRODUÇÃO LTDA. - UNICRED PREMIUM;20;A cada 360 dias
Comum_para débito_saque_consultas;39231527;UNICRED COSTA DO SOL RJ - COOPERATIVA DE ECONOMIA E CRÉDITO MÚTUO LTDA.;20;A cada 1 dias
Comum_para débito_saque_consultas;4445917;UNICRED REGIONAL NORTE LAGOS - COOPERATIVA DE ECONOMIA E CRÉDITO MÚTUO REGIONAL NORTE LAGOS LTDA;20;A cada 1 dias
Comum_para débito_saque_consultas;4013172;COOPERATIVA DE CRÉDITO SICOOB 3 COLINAS;20;A cada 180 dias
Comum_para débito_saque_consultas;78825023;COOPERATIVA DE CRÉDITO DE LIVRE ADMISSÃO DE ASSOCIADOS OESTE CATARINENSE;19;A cada 30 dias
Comum_para débito_saque_consultas;81607046;COOPERATIVA DE CRÉDITO DE LIVRE ADMISSÃO DE ASSOCIADOS SÃO MIGUEL DO OESTE - SICOOB SÃO MIGUEL SC/PR/RS;19;A cada 30 dias
Comum_para débito_saque_consultas;24799033;COOPERATIVA DE CRÉDITO DE LIVRE ADMISSÃO DO VALE DO PARANAÍBA LTDA.;18;A cada 360 dias
Comum_para débito_saque_consultas;11970623;BANCO SENFF S.A.;15,9;A cada 1 dias
Comum_para débito_saque_consultas;10143499;COOPERATIVA DE CRÉDITO DE LIVRE ADMISSÃO DE JATAÍ E REGIÃO LTDA.;15;A cada 365 dias
Comum_para débito_saque_consultas;17361536;COOPERATIVA DE CRÉDITO DA REGIÃO E COLAR METROPOLITANO DO VALE DO AÇO LTDA. - SICOOB COSMIPA;15;A cada 180 dias
Comum_para débito_saque_consultas;2587492;COOPERATIVA DE CRÉDITO DE LIVRE ADMISSÃO DE ASSOCIADOS URUBICI - SICOOB CREDIARAUCÁRIA/SC;15;A cada 1 dias
Comum_para débito_saque_consultas;41707258;COOPERATIVA DE CRÉDITO DE LIVRE ADMISSÃO DE SANTO ANTÔNIO DO MONTE LTDA.   SICOOB CREDIMONTE;15;A cada 30 dias
Comum_para débito_saque_consultas;78825270;COOPERATIVA DE CRÉDITO MAXI ALFA DE LIVRE ADMISSÃO DE ASSOCIADOS - SICOOB MAXICRÉDITO;15;A cada 360 dias
Comum_para débito_saque_consultas;4649337;COOPERATIVA DE CRÉDITO DE LIVRE ADMISSÃO DFMIL LTDA. - SICOOB DFMIL;15;A cada 1 dias
Comum_para débito_saque_consultas;1667352;COOPERATIVA DE CRÉDITO DE LIVRE ADMISSÃO DO SERTÃO DE MINAS GERAIS LTDA. - SICOOB SERTÃO MINAS;15;A cada 30 dias
Comum_para débito_saque_consultas;2173447;COOPERATIVA DE CREDITO DE LIVRE ADMISSAO DO CENTRO NORDESTE MINEIRO LTDA - SICOOB CREDICENM;15;A cada 30 dias
Comum_para débito_saque_consultas;694877;COOPERATIVA DE CRÉDITO DE LIVRE ADMISSÃO DO BRASIL CENTRAL LTDA. - SICOOB EXECUTIVO;15;A cada 30 dias
Comum_para débito_saque_consultas;25387671;COOPERATIVA DE CREDITO DO ALTO PARANAIBA E REGIÃO LTDA. - SICOOB CREDIPATOS;15;A cada 180 dias
Comum_para débito_saque_consultas;5861932;COOPERATIVA DE CRÉDITO MÚTUO DOS ADVOGADOS DE SANTA CATARINA;15;A cada 30 dias
Comum_para débito_saque_consultas;86829827;COOPERATIVA DE CRÉDITO DE LIVRE ADMISSÃO DO VALE - SICOOB CREDIVALE/SC;15;A cada 1 dias
Comum_para débito_saque_consultas;66262643;COOPERATIVA DE CRÉDITO CREDIPEU LTDA.  - SICOOB CREDIPEU;15;A cada 365 dias
Comum_para débito_saque_consultas;429890;COOPERATIVA DE CREDITO CREDIAGRO LTDA. - SICOOB CREDIAGRO;15;A cada 360 dias
Comum_para débito_saque_consultas;8030602;COOPERATIVA DE CRÉDITO MÚTUO DOS CORRETORES DE SEGUROS DO ESTADO DE SÃO PAULO - SICOOB CREDICOR/SP;15;A cada 30 dias
Comum_para débito_saque_consultas;2335109;COOPERATIVA DE CRÉDITO DE LIVRE ADMISSÃO DA ZONA DA MATA LTDA   SICOOB COOPEMATA;15;A cada 180 dias
Comum_para débito_saque_consultas;16721078;COOPERATIVA DE ECONOMIA E CRÉDITO MÚTUO DOS FUNCIONÁRIOS DA SECRETARIA DE ESTADO DA FAZENDA  DO ESTADO DE MINAS GERAIS E DE LIVRE ADMISSÃO LTDA - SICOOB COOPSEF;15;A cada 30 dias
Comum_para débito_saque_consultas;2197569;COOPERATIVA DE CRÉDITO CREDSAOPAULO - SICOOB CREDSAOPAULO;15;A cada 365 dias
Comum_para débito_saque_consultas;66463407;COOPERATIVA DE CRÉDITO DE LIVRE ADMISSÃO DE ITAÚNA E REGIÃO LTDA - SICOOB CENTRO-OESTE;15;A cada 365 dias
Comum_para débito_saque_consultas;2641969;COOPERATIVA DE CRÉDITO DE LIVRE ADMISSÃO DE ASSOCIADOS NOVA TRENTO   SICOOB TRENTOCREDI SC;15;A cada 1 dias
Comum_para débito_saque_consultas;360305;CAIXA ECONOMICA FEDERAL;15;A cada 30 dias
Comum_para débito_saque_consultas;14913919;COOPERATIVA DE CREDITO DO MERCADO IMOBILIÁRIO - SICOOB IMOB.VC;14,8;A cada 30 dias
Comum_para débito_saque_consultas;2382755;COOPERATIVA DE CREDITO POTIGUAR - SICOOB POTIGUAR;14,5;A cada 360 dias
Comum_para débito_saque_consultas;2883398;COOPERATIVA DE CRÉDITO DO VALE DO ITAJAÍ E VALE DO ITAPOCÚ - SICOOB MULTICREDI;14,5;A cada 1 dias
Comum_para débito_saque_consultas;60746948;BANCO BRADESCO S.A.;13,4;A cada 90 dias
Comum_para débito_saque_consultas;1330295;COOPERATIVA DE ECONOMIA E CRÉDITO MÚTUO DOS SERVIDORES PÚBLICOS NO ESTADO DO ESPÍRITO SANTO;13;A cada 365 dias
Comum_para débito_saque_consultas;4902979;BANCO DA AMAZONIA S.A.;13;A cada 360 dias
Comum_para débito_saque_consultas;7237373;BANCO DO NORDESTE DO BRASIL S.A.;13;A cada 360 dias
Comum_para débito_saque_consultas;1604998;COOPERATIVA DE CREDITO DE LIVRE ADMISSÃO DO SUL DE MINAS LTDA - SICOOB CREDIVASS;12;A cada 360 dias
Comum_para débito_saque_consultas;2493000;COOPERATIVA DE ECONOMIA E CRÉDITO MÚTUO NOS ESTADOS DE ALAGOAS, SERGIPE E BAHIA - SICOOB LESTE;12;A cada 30 dias
Comum_para débito_saque_consultas;25420696;COOPERATIVA DE CRÉDITO CREDINACIONAL LTDA. - SICOOB CREDINACIONAL;12;A cada 30 dias
Comum_para débito_saque_consultas;5856736;COOPERATIVA DE ECONOMIA E CRÉDITO DE LIVRE ADMISSÃO LTDA. - SICOOB EMPRESARIAL;12;A cada 30 dias
Comum_para débito_saque_consultas;10311218;COOPERATIVA DE CRÉDITO EVOLUA;12;A cada 360 dias
Comum_para débito_saque_consultas;8850613;COOPERATIVA DE ECONOMIA E CRÉDITO MÚTUO DOS EMPREGADOS DA CENTRAIS ELÉTRICAS DE SANTA CATARINA - CREDELESC;12;A cada 360 dias
Comum_para débito_saque_consultas;1703620;COOPERATIVA DE CRÉDITO DE LIVRE ADMISSÃO UNIÃO DO CENTRO OESTE DE MINAS LTDA - SICOOB CREDESP;12;A cada 30 dias
Comum_para débito_saque_consultas;5158093;COOPERATIVA DE CRÉDITO DE LIVRE ADMISSÃO DA REGIÃO LESTE DA BACIA DO RIO DOCE LTDA   SICOOB CREDILESTE;11;A cada 30 dias
Comum_para débito_saque_consultas;1736516;COOPERATIVA DE CRÉDITO DE LIVRE ADMISSÃO DA REGIÃO CENTRAL E OESTE MINEIRO LTDA. - SICOOB DIVICRED;10,9;A cada 30 dias
Comum_para débito_saque_consultas;3461243;COOPERATIVA DE CRÉDITO DO NORTE CATARINENSE - ACREDICOOP;10,5;A cada 365 dias
Comum_para débito_saque_consultas;208;BRB - BANCO DE BRASILIA S.A.;10,5;A cada 365 dias
Comum_para débito_saque_consultas;24431221;COOPERATIVA DE CRÉDITO E INVESTIMENTO COM INTERAÇÃO SOLIDÁRIA TRANSAMAZÔNICA - CRESOL TRANSAMAZÔNICA;10,45;A cada 30 dias
Comum_para débito_saque_consultas;42934794;COOPERATIVA DE CRÉDITO CREDIPIMENTA LTDA. - SICOOB CREDIPIMENTA;10;A cada 30 dias
Comum_para débito_saque_consultas;19449602;COOPERATIVA DE CRÉDITO CREDCOOPER LTDA - SICOOB CREDCOOPER;10;A cada 30 dias
Comum_para débito_saque_consultas;20961629;COOPERATIVA DE ECONOMIA E CRÉDITO MÚTUO DOS COLABORADORES DA VALE S.A LTDA. - SICOOB CREDIVALE;10;A cada 360 dias
Comum_para débito_saque_consultas;26563270;PRIMACREDI COOPERATIVA DE CRÉDITO DE PRIMAVERA DO LESTE;10;A cada 360 dias
Comum_para débito_saque_consultas;71237184;COOPERATIVA DE CRÉDITO CREDIBELO LTDA. - SICOOB CREDIBELO;10;A cada 30 dias
Comum_para débito_saque_consultas;71243034;COOPERATIVA DE CRÉDITO CREDIJEQUITINHONHA LTDA. - SICOOB CREDIJEQUITINHONHA;10;A cada 30 dias
Comum_para débito_saque_consultas;81292278;COOPERATIVA DE CRÉDITO ORIGINAL - SICOOB ORIGINAL;10;A cada 30 dias
Comum_para débito_saque_consultas;3519240;COOPERATIVA DE CRÉDITO DOS INTEGRANTES DO PODER JUDICIÁRIO E DO MINISTÉRIO PÚBLICO DO ESTADO DE MINAS GERAIS LTDA. - SICOOB JUS-MP;10;A cada 1825 dias
Comum_para débito_saque_consultas;78862083;COOPERATIVA DE CRÉDITO DE LIVRE ADMISSÃO DE ASSOCIADOS CAMPOS NOVOS - SICOOB CAMPOS NOVOS;10;A cada 30 dias
Comum_para débito_saque_consultas;78858107;COOPERATIVA DE CRÉDITO DE LIVRE ADMISSÃO DE ASSOCIADOS AURIVERDE -  SICOOB - CREDIAL SC/RS;10;A cada 360 dias
Comum_para débito_saque_consultas;41931221;COOPERATIVA DE CRÉDITO DE LIVRE ADMISSÃO DE PITANGUI, PAPAGAIOS, MARAVILHAS E REGIÃO LTDA. - SICOOB CREDICOOP;10;A cada 30 dias
Comum_para débito_saque_consultas;7669921;COOPERATIVA DE CRÉDITO MÚTUO - SICOOB CREDIACISC;10;A cada 30 dias
Comum_para débito_saque_consultas;53236808;COOPERATIVA DE ECONOMIA E CRÉDITO MÚTUO DE LIVRE ADMISSÃO DE ARARAQUARA E REGIÃO - SICOOB;10;A cada 360 dias
Comum_para débito_saque_consultas;2179673;COOPERATIVA DE ECONOMIA E CRÉDITO MÚTUO DOS MÉDICOS E DEMAIS PROFISSIONAIS DE NÍVEL SUPERIOR DA ÁREA DE SAÚDE DE OURINHOS - OURICRED;10;A cada 360 dias
Comum_para débito_saque_consultas;3941182;COOPERATIVA DE CRÉDITO DE LIVRE ADMISSÃO DO CIRCUITO DAS ÁGUAS - SICOOB CIRCUITO DAS ÁGUAS;10;A cada 30 dias
Comum_para débito_saque_consultas;698609;COOPERATIVA DE CRÉDITO DO NORTE E NOROESTE DE MINAS GERAIS LTDA. - SICOOB CREDIGERAIS;10;A cada 30 dias
Comum_para débito_saque_consultas;9424988;COOPERATIVA DE CRÉDITO DE LIVRE ADMISSÃO DO OESTE MARANHENSE - SICOOB OESTE MARANHENSE;10;A cada 365 dias
Comum_para débito_saque_consultas;6324872;COOPERATIVA DE CRÉDITO CREDINOSSO LTDA - SICOOB CREDINOSSO;10;A cada 30 dias
Comum_para débito_saque_consultas;5477038;COOPERATIVA DE CRÉDITO NO PIAUÍ - SICOOB PIAUÍ;10;A cada 180 dias
Comum_para débito_saque_consultas;25404542;COOPERATIVA DE CREDITO DE LIVRE ADMISSÃO DO VALE DO GORUTUBA LTDA - SICOOB CREDIVAG;10;A cada 30 dias
Comum_para débito_saque_consultas;1609345;COOPERATIVA DE CRÉDITO CREDICAMPINA LTDA. - SICOOB CREDICAMPINA;10;A cada 360 dias
Comum_para débito_saque_consultas;28127603;BANESTES S.A. BANCO DO ESTADO DO ESPIRITO SANTO;10;A cada 360 dias
Comum_para débito_saque_consultas;85291086;COOPERATIVA DE CRÉDITO LITORÂNEA;10;A cada 30 dias
Comum_para débito_saque_consultas;13009717;BANCO DO ESTADO DE SERGIPE S.A.;10;A cada 1440 dias
Comum_para débito_saque_consultas;78834975;COOPERATIVA DE CRÉDITO DE LIVRE ADMISSÃO DE ASSOCIADOS DO VALE DO CANOINHAS - SICOOB CREDICANOINHAS/SC;10;A cada 30 dias
Comum_para débito_saque_consultas;22749014;COOPERATIVA DE CRÉDITO DA REGIÃO CENTRAL DE MINAS LTDA. - SICOOB UNIÃO CENTRAL;10;A cada 30 dias
Comum_para débito_saque_consultas;4181542;COOPERATIVA DE CREDITO DE LIVRE ADMISSAO DE PITANGUI E REGIAO LTDA. - SICOOB CREDPIT;10;A cada 30 dias
Comum_para débito_saque_consultas;2254376;COOPERATIVA DE CRÉDITO DE LIVRE ADMISSÃO DE ASSOCIADOS DE DORES DO INDAIÁ LTDA - COOPCREDI;10;A cada 30 dias
Comum_para débito_saque_consultas;25743311;COOPERATIVA DE CRÉDITO DE LIVRE ADMISSÃO DE CARMO DO RIO CLARO LTDA - SICOOB CREDICARMO;10;A cada 30 dias
Comum_para débito_saque_consultas;804046;COOPERATIVA DE CRÉDITO CREDICAPI LTDA - SICOOB CREDICAPI;10;A cada 360 dias
Comum_para débito_saque_consultas;2038232;BANCO COOPERATIVO SICOOB S.A. - BANCO SICOOB;10;A cada 365 dias
Comum_para débito_saque_consultas;83836114;COOPERATIVA DE CRÉDITO DE LIVRE ADMISSÃO DO ESTADO DO PARÁ - SICOOB COOESA;9,5;A cada 30 dias
Comum_para débito_saque_consultas;7097064;COOPERATIVA DE CRÉDITO SICOOB CONFIANÇA;9,5;A cada 30 dias
Comum_para débito_saque_consultas;2466552;COOPERATIVA DE CRÉDITO SICOOB VALE SUL;9,5;A cada 30 dias
Comum_para débito_saque_consultas;5392810;COOPERATIVA DE CRÉDITO DA REGIÃO MERIDIONAL DO BRASIL - SICOOB UNICOOB MERIDIONAL;9,5;A cada 30 dias
Comum_para débito_saque_consultas;7122321;COOPERATIVA DE CRÉDITO INTEGRADO - SICOOB INTEGRADO;9,5;A cada 30 dias
Comum_para débito_saque_consultas;7026923;COOPERATIVA DE CRÉDITO DE LIVRE ADMISSÃO SICOOB ARENITO;9,5;A cada 30 dias
Comum_para débito_saque_consultas;7194313;COOPERATIVA DE CRÉDITO HORIZONTE - SICOOB HORIZONTE;9,5;A cada 30 dias
Comum_para débito_saque_consultas;5036532;CENTRAL DAS COOPERATIVAS DE CREDITO UNICOOB - SICOOB CENTRAL UNICOOB;9,5;A cada 30 dias
Comum_para débito_saque_consultas;4876393;COOPERATIVA DE CRÉDITO DE LIVRE ADMISSÃO TRÊS FRONTEIRAS - SICOOB TRÊS FRONTEIRAS;9,5;A cada 30 dias
Comum_para débito_saque_consultas;5582619;COOPERATIVA DE CRÉDITO SICOOB OURO VERDE;9,5;A cada 30 dias
Comum_para débito_saque_consultas;4529074;COOPERATIVA DE CRÉDITO DE CASCAVEL E REGIÃO - SICOOB CREDICAPITAL;9,5;A cada 30 dias
Comum_para débito_saque_consultas;6174009;COOPERATIVA DE CRÉDITO SICOOB ALIANÇA;9,5;A cada 30 dias
Comum_para débito_saque_consultas;7318874;COOPERATIVA DE CRÉDITO DE LIVRE ADMISSÃO MÉDIO OESTE - SICOOB MÉDIO OESTE;9,5;A cada 30 dias
Comum_para débito_saque_consultas;5888589;COOPERATIVA DE CRÉDITO SUL - SICOOB SUL;9,5;A cada 30 dias
Comum_para débito_saque_consultas;1042487;COOPERATIVA DE CRÉDITO SICOOB UNIDAS;9,5;A cada 30 dias
Comum_para débito_saque_consultas;3427097;COOPERATIVA DE CRÉDITO DE LIVRE ADMISSÃO DO SUL CATARINENSE - ACENTRA;9;A cada 365 dias
Comum_para débito_saque_consultas;92702067;BANCO DO ESTADO DO RIO GRANDE DO SUL S.A.;8,8;A cada 30 dias
Comum_para débito_saque_consultas;54037916;COOPERATIVA DE CREDITO CREDICITRUS;8,58;A cada 1 dias
Comum_para débito_saque_consultas;7469260;COOPERATIVA DE CRÉDITO CREDIFIEMG LTDA. - SICOOB CREDIFIEMG;8,5;A cada 360 dias
Comum_para débito_saque_consultas;81016131;COOPERATIVA DE CRÉDITO DE LIVRE ADMISSÃO DE ASSOCIADOS DO VALE DO VINHO - SICOOB VALE DO VINHO;8,5;A cada 30 dias
Comum_para débito_saque_consultas;69346856;COOPERATIVA DE ECONOMIA E CRÉDITO MÚTUO DOS PROFISSIONAIS DA SAÚDE DA REGIÃO DA ALTA MOGIANA - SICOOB CREDIMOGIANA;8,5;A cada 365 dias
Comum_para débito_saque_consultas;1060307;COOPERATIVA DE CRÉDITO DE LIVRE ADMISSÃO DA UNIÃO DOS VALES DO PIRANGA E MATIPÓ LTDA. - SICOOB UNIÃO DOS VALES;8,5;A cada 1800 dias
Comum_para débito_saque_consultas;66788142;COOPERATIVA DE CREDITO CREDIMOTA   SICOOB CREDIMOTA;8,5;A cada 360 dias
Comum_para débito_saque_consultas;26549311;COOPERATIVA DE CRÉDITO, POUPANÇA E INVESTIMENTO INTEGRAÇÃO DO SUL DE MATO GROSSO, AMAPÁ E PARÁ - SICREDI INTEGRAÇÃO MT/AP/PA;8;A cada 360 dias
Comum_para débito_saque_consultas;3428338;SICREDI CREDUNI - COOPERATIVA DE ECONOMIA E CRÉDITO MÚTUO DOS SERV DAS INST PÚBLICAS DE ENSINO SUPERIOR DO ESTADO DA PARAÍBA E DAS DEMAIS INSTITUIÇÕES E ÓRGÃOS PÚBLICOS NO ESTADO DA PARAIBA LTDA.;8;A cada 360 dias
Comum_para débito_saque_consultas;41180092;SICREDI EXPANSÃO - COOPERATIVA DE CRÉDITO;8;A cada 360 dias
Comum_para débito_saque_consultas;7206072;COOPERATIVA DE CRÉDITO, POUPANÇA E INVESTIMENTO NOVOS HORIZONTES - SICREDI NOVOS HORIZONTES PR/SP;8;A cada 360 dias
Comum_para débito_saque_consultas;19962468;COOPERATIVA DE CRÉDITO, POUPANÇA E INVESTIMENTO DA ADVOCACIA E SERVENTUÁRIOS DO PODER JUDICIÁRIO NO ESTADO DO RIO GRANDE DO SUL - SICREDI COOABCRED RS;8;A cada 360 dias
Comum_para débito_saque_consultas;87780268;COOPERATIVA DE CRÉDITO, POUPANÇA E INVESTIMENTO UNIÃO DE ESTADOS RIO GRANDE DO SUL, SANTA CATARINA E MINAS GERAIS - SICREDI UNIESTADOS;8;A cada 360 dias
Comum_para débito_saque_consultas;4237413;COOPERATIVA DE CRÉDITO DO VALE DO SÃO FRANCISCO - SICREDI VALE DO SÃO FRANCISCO;8;A cada 360 dias
Comum_para débito_saque_consultas;70119680;COOPERATIVA CENTRAL DE CRÉDITO, POUPANÇA E INVESTIMENTO DO NORDESTE - CENTRAL SICREDI NORDESTE;8;A cada 360 dias
Comum_para débito_saque_consultas;2843443;COOPERATIVA DE CRÉDITO, POUPANÇA E INVESTIMENTO DO NORTE E NORDESTE DE SANTA CATARINA - SICREDI NORTE SC;8;A cada 360 dias
Comum_para débito_saque_consultas;87900411;COOPERATIVA DE CRÉDITO, POUPANÇA E INVESTIMENTO DE ESPUMOSO - SICREDI ESPUMOSO RS/MG;8;A cada 360 dias
Comum_para débito_saque_consultas;4306351;INDEPENDÊNCIA COOPERATIVA DE CRÉDITO E INVESTIMENTO - INDEPENDÊNCIA COOPERATIVA DE CRÉDITO;8;A cada 360 dias
Comum_para débito_saque_consultas;7070495;COOPERATIVA DE CRÉDITO, POUPANÇA E INVESTIMENTO EMPREENDEDORES - SICREDI EMPREENDEDORES PR;8;A cada 360 dias
Comum_para débito_saque_consultas;26408187;COOPERATIVA DE CRÉDITO POUPANÇA E INVESTIMENTO PANTANAL DO MATO GROSSO DO SUL - SICREDI PANTANAL MS;8;A cada 360 dias
Comum_para débito_saque_consultas;26529420;COOPERATIVA DE CRÉDITO, POUPANÇA E INVESTIMENTO OURO VERDE DO MATO GROSSO - SICREDI OURO VERDE MT;8;A cada 360 dias
Comum_para débito_saque_consultas;26555235;COOPERATIVA DE CRÉDITO, POUPANÇA E INVESTIMENTO SORRISO - SICREDI CELEIRO MT/RR;8;A cada 360 dias
Comum_para débito_saque_consultas;89126130;COOPERATIVA DE CRÉDITO, POUPANÇA E INVESTIMENTO DA REGIÃO DOS VALES - SICREDI REGIÃO DOS VALES RS;8;A cada 360 dias
Comum_para débito_saque_consultas;92796564;COOPERATIVA DE CRÉDITO, POUPANÇA E INVESTIMENTO SUL RIOGRANDENSE - SICREDI UNIÃO METROPOLITANA RS;8;A cada 360 dias
Comum_para débito_saque_consultas;82065285;COOPERATIVA DE CREDITO, POUPANÇA E INVESTIMENTO PARQUE DAS ARAUCARIAS - SICREDI PARQUE DAS ARAUCARIAS PR/SC/SP;8;A cada 360 dias
Comum_para débito_saque_consultas;5979692;COOPERATIVA DE CRÉDITO DOS PROFISSIONAIS DOS CREAS E DEMAIS ÁREAS TECNOLÓGICAS - CREDCREA;8;A cada 365 dias
Comum_para débito_saque_consultas;4886317;COOPERATIVA DE CRÉDITO, POUPANÇA E INVESTIMENTO DOS INTEGRANTES DA MAGISTRATURA E DO MINISTÉRIO PÚBLICO NO ESTADO DO PARANÁ - SICREDI CREDJURIS;8;A cada 360 dias
Comum_para débito_saque_consultas;32983165;COOPERATIVA DE CRÉDITO, POUPANÇA E INVESTIMENTO VALE DO CERRADO - SICREDI VALE DO CERRADO;8;A cada 360 dias
Comum_para débito_saque_consultas;32995755;COOPERATIVA DE CRÉDITO, POUPANÇA E INVESTIMENTO DO SUDOESTE MT/PA - SICREDI SUDOESTE MT/PA;8;A cada 360 dias
Comum_para débito_saque_consultas;33022690;COOPERATIVA DE CRÉDITO, POUPANÇA E INVESTIMENTO DO NOROESTE DE MATO GROSSO, ACRE E AMAZONAS - SICREDI BIOMAS;8;A cada 360 dias
Comum_para débito_saque_consultas;33021064;COOPERATIVA DE CRÉDITO, POUPANÇA E INVESTIMENTO DO ARAGUAIA E XINGU - SICREDI ARAXINGU;8;A cada 360 dias
Comum_para débito_saque_consultas;70431630;COOPERATIVA DE CRÉDITO, POUPANÇA E INVESTIMENTO UNIVALES - SICREDI UNIVALES MT/RO;8;A cada 360 dias
Comum_para débito_saque_consultas;70038237;COOPERATIVA DE CRÉDITO - SICREDI RIO GRANDE DO NORTE;8;A cada 360 dias
Comum_para débito_saque_consultas;97489280;COOPERATIVA DE CRÉDITO, POUPANÇA E INVESTIMENTO SICREDI INTEGRAÇÃO BAHIA - SICREDI INTEGRAÇÃO BAHIA;8;A cada 360 dias
Comum_para débito_saque_consultas;82639451;COOPERATIVA DE CREDITO VALE DO ITAJAI - VIACREDI;8;A cada 365 dias
Comum_para débito_saque_consultas;16779741;COOPERATIVA DE CRÉDITO DE LIVRE ADMISSÃO DO ALTO VALE DO ITAJAÍ - VIACREDI ALTO VALE;8;A cada 365 dias
Comum_para débito_saque_consultas;26191078;COOPERATIVA DE CRÉDITO DE LIVRE ADMISSÃO DA REGIÃO SUL DO MARANHÃO - SICREDI SUL DO MARANHÃO;8;A cada 360 dias
Comum_para débito_saque_consultas;37442605;COOPERATIVA DE CRÉDITO, POUPANÇA E INVESTIMENTO NORTE MATO-GROSSENSE E OESTE PARAENSE - SICREDI GRANDES RIOS MT/PA/AM;8;A cada 360 dias
Comum_para débito_saque_consultas;87795639;COOPERATIVA DE CRÉDITO ALIANÇA RS/SC/ES - SICREDI ALIANÇA RS/SC/ES;8;A cada 360 dias
Comum_para débito_saque_consultas;6332931;COOPERATIVA DE CRÉDITO, POUPANÇA E INVESTIMENTO DO CERRADO DE GOIÁS - SICREDI CERRADO GO;8;A cada 360 dias
Comum_para débito_saque_consultas;8143326;COOPERATIVA DE CRÉDITO DOS MÉDICOS E PROFISSIONAIS DE SAÚDE DE SÃO LUÍS - SICREDI SÃO LUÍS;8;A cada 360 dias
Comum_para débito_saque_consultas;33667205;COOPERATIVA CENTRAL DE CRÉDITO, POUPANÇA E INVESTIMENTO DO CENTRO NORTE DO BRASIL - CENTRAL SICREDI CENTRO NORTE;8;A cada 360 dias
Comum_para débito_saque_consultas;41255225;COOPERATIVA DE CRÉDITO SICREDI CENTRO PERNAMBUCANA;8;A cada 360 dias
Comum_para débito_saque_consultas;78907607;COOPERATIVA DE CRÉDITO, POUPANÇA E INVESTIMENTO CENTRO SUL - SICREDI CENTRO SUL PR/SC/RJ;8;A cada 360 dias
Comum_para débito_saque_consultas;10736214;COOPERATIVA DE CRÉDITO, POUPANÇA E INVESTIMENTO DO PLANALTO CENTRAL - SICREDI PLANALTO CENTRAL;8;A cada 360 dias
Comum_para débito_saque_consultas;95213211;COOPERATIVA DE CRÉDITO, POUPANÇA E INVESTIMENTO CAMINHO DAS ÁGUAS RS - SICREDI CAMINHO DAS ÁGUAS RS;8;A cada 360 dias
Comum_para débito_saque_consultas;90497256;COOPERATIVA DE CRÉDITO, POUPANÇA E INVESTIMENTO INTERESTADOS - SICREDI INTERESTADOS RS/ES;8;A cada 360 dias
Comum_para débito_saque_consultas;3566655;COOPERATIVA DE CRÉDITO, POUPANÇA E INVESTIMENTO CELEIRO CENTRO OESTE - SICREDI CELEIRO CENTRO OESTE;8;A cada 360 dias
Comum_para débito_saque_consultas;77984870;COOPERATIVA DE CRÉDITO, POUPANÇA E INVESTIMENTO TERRA DOS PINHEIRAIS DO PARANÁ E NOROESTE PAULISTA - SICREDI PLANALTO DAS ÁGUAS PR/SP;8;A cada 360 dias
Comum_para débito_saque_consultas;89990501;COOPERATIVA DE CRÉDITO, POUPANÇA E INVESTIMENTO DE IBIRAIARAS - SICREDI IBIRAIARAS RS/MG;8;A cada 360 dias
Comum_para débito_saque_consultas;3750034;COOPERATIVA DE CRÉDITO, POUPANÇA E INVESTIMENTO DOS JUÍZES E CARREIRAS PÚBLICAS DO DIREITO DO ESTADO DO RIO GRANDE DO SUL - SICREDI AJURIS RS;8;A cada 360 dias
Comum_para débito_saque_consultas;89468565;COOPERATIVA DE CRÉDITO, POUPANÇA E INVESTIMENTO DA REGIÃO DA PRODUÇÃO - SICREDI REGIÃO DA PRODUÇÃO RS/SC/MG;8;A cada 360 dias
Comum_para débito_saque_consultas;10143743;COOPERATIVA DE CRÉDITO DE LIVRE ADMISSÃO DE ASSOCIADOS DO SUL DO BRASIL - CREVISC;8;A cada 365 dias
Comum_para débito_saque_consultas;87781530;COOPERATIVA DE CRÉDITO, POUPANÇA E INVESTIMENTO INTEGRAÇÃO DE ESTADOS DO RIO GRANDE DO SUL, SANTA CATARINA E MINAS GERAIS - SICREDI INTEGRAÇÃO DE ESTADOS RS/SC/MG;8;A cada 360 dias
Comum_para débito_saque_consultas;2923389;COOPERATIVA DE CRÉDITO, POUPANÇA E INVESTIMENTO SICREDI ARACAJU - SICREDI ARACAJU;8;A cada 360 dias
Comum_para débito_saque_consultas;81192106;COOPERATIVA DE CRÉDITO, POUPANÇA E INVESTIMENTO NOSSA TERRA - SICREDI NOSSA TERRA PR/SP;8;A cada 360 dias
Comum_para débito_saque_consultas;81054686;COOPERATIVA DE CRÉDITO, POUPANÇA E INVESTIMENTO INTEGRAÇÃO - SICREDI INTEGRAÇÃO PR/SC;8;A cada 360 dias
Comum_para débito_saque_consultas;81099491;COOPERATIVA DE CRÉDITO, POUPANÇA E INVESTIMENTO VALE DO PIQUIRI ABCD - SICREDI VALE DO PIQUIRI ABCD PR/SP;8;A cada 360 dias
Comum_para débito_saque_consultas;8041950;COOPERATIVA DE CRÉDITO, POUPANÇA E INVESTIMENTO DO SISTEMA DE JUSTIÇA NO ESTADO DO CEARÁ - SICREDI COOPERJURIS;8;A cada 360 dias
Comum_para débito_saque_consultas;81206039;COOPERATIVA DE CREDITO, POUPANÇA E INVESTIMENTO RIO PARANA - SICREDI RIO PARANA PR/SP;8;A cada 360 dias
Comum_para débito_saque_consultas;92555150;COOPERATIVA DE CRÉDITO, POUPANÇA E INVESTIMENTO DA REGIÃO ALTOS DA SERRA - SICREDI ALTOS DA SERRA RS/SC;8;A cada 360 dias
Comum_para débito_saque_consultas;87733077;COOPERATIVA DE CRÉDITO, POUPANÇA E INVESTIMENTO ESSÊNCIA RS/ES - SICREDI ESSÊNCIA;8;A cada 360 dias
Comum_para débito_saque_consultas;24654881;COOPERATIVA DE CRÉDITO, POUPANÇA E INVESTIMENTO UNIÃO DOS ESTADOS DE MATO GROSSO DO SUL, TOCANTINS E OESTE DA BAHIA - SICREDI UNIÃO MS/TO;8;A cada 360 dias
Comum_para débito_saque_consultas;72128440;COOPERATIVA DE CREDITO, POUPANCA E INVESTIMENTO DO RIO DE JANEIRO - SICREDI RIO RJ;8;A cada 360 dias
Comum_para débito_saque_consultas;3065046;COOPERATIVA DE CRÉDITO, POUPANÇA E INVESTIMENTO DO NOROESTE DO ESTADO DE SÃO PAULO - SICREDI NOROESTE SP;8;A cada 360 dias
Comum_para débito_saque_consultas;91586982;COOPERATIVA DE CRÉDITO, POUPANÇA E INVESTIMENTO SICREDI PIONEIRA RS - SICREDI PIONEIRA RS;8;A cada 360 dias
Comum_para débito_saque_consultas;95424891;COOPERATIVA DE CRÉDITO, POUPANÇA E INVESTIMENTO DO VALE DO RIO PARDO - SICREDI VALE DO RIO PARDO RS;8;A cada 360 dias
Comum_para débito_saque_consultas;87067757;COOPERATIVA DE CRÉDITO, POUPANÇA E INVESTIMENTO CENTRO SERRA - SICREDI CENTRO SERRA RS;8;A cada 360 dias
Comum_para débito_saque_consultas;87437687;COOPERATIVA CENTRAL DE CRÉDITO, POUPANÇA E INVESTIMENTO DO SUL E SUDESTE - CENTRAL SICREDI SUL/SUDESTE;8;A cada 360 dias
Comum_para débito_saque_consultas;90729369;COOPERATIVA DE CRÉDITO, POUPANÇA E INVESTIMENTO REGIÕES DAS CULTURAS - SICREDI DAS CULTURAS RS/MG;8;A cada 360 dias
Comum_para débito_saque_consultas;79052122;COOPERATIVA DE CREDITO, POUPANÇA E INVESTIMENTO ALIANÇA - SICREDI ALIANÇA PR/SP;8;A cada 360 dias
Comum_para débito_saque_consultas;79086997;COOPERATIVA DE CRÉDITO, POUPANÇA E INVESTIMENTO PARANAPANEMA PR/SP - SICREDI PARANAPANEMA PR/SP;8;A cada 360 dias
Comum_para débito_saque_consultas;79342069;COOPERATIVA DE CRÉDITO, POUPANÇA E INVESTIMENTO DEXIS - SICREDI DEXIS;8;A cada 360 dias
Comum_para débito_saque_consultas;91159764;COOPERATIVA DE CRÉDITO, POUPANÇA E INVESTIMENTO DE LAJEADO - SICREDI INTEGRAÇÃO RS/MG;8;A cada 360 dias
Comum_para débito_saque_consultas;57647653;COOPERATIVA DE CRÉDITO, POUPANÇA E INVESTIMENTO DA REGIÃO DAS FLORES, DAS ÁGUAS E DOS VENTOS SP - SICREDI FORÇA DOS VENTOS SP;8;A cada 360 dias
Comum_para débito_saque_consultas;87733770;COOPERATIVA DE CRÉDITO, POUPANÇA E INVESTIMENTO CONEXÃO - SICREDI CONEXÃO;8;A cada 360 dias
Comum_para débito_saque_consultas;10348181;COOPERATIVA DE CRÉDITO DO VALE DO ITAJAÍ E LITORAL CATARINENSE - SICREDI VALE LITORAL SC;8;A cada 360 dias
Comum_para débito_saque_consultas;72257793;SICREDI CEARÁ - COOPERATIVA DE CRÉDITO DO ESTADO DO CEARÁ;8;A cada 360 dias
Comum_para débito_saque_consultas;79063574;COOPERATIVA DE CRÉDITO, POUPANÇA E INVESTIMENTO DO NORTE DO PARANÁ E SUL DE SÃO PAULO - SICREDI NORTE SUL PR/SP;8;A cada 360 dias
Comum_para débito_saque_consultas;5545390;SICREDI COOMAMP - COOPERATIVA DE CRÉDITO DOS MEMBROS DE INSTITUIÇÕES PÚBLICAS DAS CARREIRAS JURÍDICAS E DOS SERVIDORES PÚBLICOS FEDERAIS, ESTADUAIS E MUNICIPAIS EM SÃO LUÍS/MA E MUNICÍPIOS CIRCUNVIZIN;8;A cada 360 dias
Comum_para débito_saque_consultas;73113243;COOPERATIVA DE CRÉDITO, POUPANÇA E INVESTIMENTO DE ARARAQUARA E REGIÃO - SICREDI CENTRO NORTE SP;8;A cada 360 dias
Comum_para débito_saque_consultas;87510475;COOPERATIVA DE CRÉDITO ROTA DAS TERRAS - SICREDI ROTA DAS TERRAS RS/MG;8;A cada 360 dias
Comum_para débito_saque_consultas;87779625;COOPERATIVA DE CRÉDITO COOPERAÇÃO - SICREDI COOPERAÇÃO;8;A cada 360 dias
Comum_para débito_saque_consultas;88099247;COOPERATIVA DE CRÉDITO, POUPANÇA E INVESTIMENTO RAÍZES - SICREDI RAÍZES RS/SC/MG;8;A cada 360 dias
Comum_para débito_saque_consultas;2924977;COOPERATIVA DE CRÉDITO, POUPANÇA E INVESTIMENTO DOS PROFISSIONAIS MÉDICOS E DA SAÚDE DE CURITIBA E REGIÃO METROPOLITANA - SICREDI MEDICRED PR;8;A cada 360 dias
Comum_para débito_saque_consultas;84974278;COOPERATIVA DE CREDITO, POUPANCA E INVESTIMENTO IGUACU - SICREDI IGUACU PR/SC/SP;8;A cada 360 dias
Comum_para débito_saque_consultas;81115149;COOPERATIVA DE CRÉDITO, POUPANÇA E INVESTIMENTO GRANDES LAGOS DO PARANÁ E LITORAL PAULISTA - SICREDI GRANDES LAGOS PR/SP;8;A cada 360 dias
Comum_para débito_saque_consultas;3042597;COOPERATIVA DE CRÉDITO, POUPANÇA E INVESTIMENTO DE CAMPO GRANDE E REGIÃO - SICREDI CAMPO GRANDE MS;8;A cada 360 dias
Comum_para débito_saque_consultas;81466286;COOPERATIVA DE CRÉDITO, POUPANÇA E INVESTIMENTO CAMPOS GERAIS E GRANDE CURITIBA - SICREDI CAMPOS GERAIS E GRANDE CURITIBA PR/SP;8;A cada 360 dias
Comum_para débito_saque_consultas;76059997;COOPERATIVA DE CRÉDITO, POUPANÇA E INVESTIMENTO PROGRESSO - SICREDI PROGRESSO PR/SP;8;A cada 360 dias
Comum_para débito_saque_consultas;3793242;COOPERATIVA DE CRÉDITO, POUPANÇA E INVESTIMENTO DO SUL DO ESTADO DE SANTA CATARINA - SICREDI SUL SC;8;A cada 360 dias
Comum_para débito_saque_consultas;87784088;COOPERATIVA DE CRÉDITO, POUPANÇA E INVESTIMENTO SUL MINAS DO RIO GRANDE DO SUL E MINAS GERAIS - SICREDI SUL MINAS RS/MG.;8;A cada 360 dias
Comum_para débito_saque_consultas;89049738;COOPERATIVA DE CRÉDITO, POUPANÇA E INVESTIMENTO NOROESTE RS/MG - SICREDI NOROESTE RS/MG;8;A cada 360 dias
Comum_para débito_saque_consultas;79457883;COOPERATIVA DE CRÉDITO E INVESTIMENTO DE LIVRE ADMISSÃO AGROEMPRESARIAL - SICREDI AGROEMPRESARIAL PR/SP;8;A cada 360 dias
Comum_para débito_saque_consultas;95594941;COOPERATIVA DE CRÉDITO, POUPANÇA E INVESTIMENTO DAS REGIÕES CENTRO DO RS E MG - SICREDI REGIÃO CENTRO RS/MG;8;A cada 360 dias
Comum_para débito_saque_consultas;1181521;BANCO COOPERATIVO SICREDI S.A.;8;A cada 360 dias
Comum_para débito_saque_consultas;4138455;COOPERATIVA DE CRÉDITO DO RIO GRANDE DO NORTE - SICOOB RIO GRANDE DO NORTE;8;A cada 30 dias
Comum_para débito_saque_consultas;26408161;COOPERATIVA DE CRÉDITO, POUPANÇA E INVESTIMENTO DO CENTRO SUL DO MATO GROSSO DO SUL - SICREDI CENTRO-SUL MS;8;A cada 360 dias
Comum_para débito_saque_consultas;82527557;COOPERATIVA DE CRÉDITO, POUPANÇA E INVESTIMENTO FRONTEIRAS DO PARANÁ, SANTA CATARINA E SÃO PAULO - SICREDI FRONTEIRAS PR/SC/SP;8;A cada 360 dias
Comum_para débito_saque_consultas;33737818;COOPERATIVA CENTRAL DE CRÉDITO, POUPANÇA E INVESTIMENTO DE MATO GROSSO DO SUL, GOIÁS, DISTRITO FEDERAL E TOCANTINS - CENTRAL SICREDI BRASIL CENTRAL;8;A cada 360 dias
Comum_para débito_saque_consultas;3212823;COOPERATIVA DE CRÉDITO, POUPANÇA E INVESTIMENTO DOS MILITARES ESTADUAIS E SERVIDORES DA SEGURANÇA DO ESTADO DO RIO GRANDE DO SUL - SICREDI MIL RS;8;A cada 360 dias
Comum_para débito_saque_consultas;70241658;SICREDI RECIFE - COOPERATIVA DE CRÉDITO, POUPANÇA E INVESTIMENTO SICREDI RECIFE;8;A cada 360 dias
Comum_para débito_saque_consultas;80230774;COOPERATIVA CENTRAL DE CRÉDITO, POUPANÇA E INVESTIMENTO DOS ESTADOS DO PARANÁ, SÃO PAULO E RIO DE JANEIRO - CENTRAL SICREDI PR/SP/RJ;8;A cada 360 dias
Comum_para débito_saque_consultas;3000142;COOPERATIVA DE CRÉDITO, POUPANÇA E INVESTIMENTO DOS POLICIAIS FEDERAIS DO RIO GRANDE DO SUL E SANTA CATARINA - SICREDI POL RS/SC;8;A cada 360 dias
Comum_para débito_saque_consultas;78414067;COOPERATIVA DE CRÉDITO, POUPANÇA E INVESTIMENTO VANGUARDA - SICREDI VANGUARDA PR/SP/RJ;8;A cada 360 dias
Comum_para débito_saque_consultas;35571249;COOPERATIVA DE CRÉDITO, POUPANÇA E INVESTIMENTO SICREDI EVOLUÇÃO - SICREDI EVOLUÇÃO;8;A cada 360 dias
Comum_para débito_saque_consultas;9343038;COOPERATIVA DE CRÉDITO SICREDI ALTO SERTÃO PARAIBANO - SICREDI ALTO SERTÃO PARAIBANO;8;A cada 360 dias
Comum_para débito_saque_consultas;88038260;COOPERATIVA DE CRÉDITO, POUPANÇA E INVESTIMENTO PLANALTO - SICREDI PLANALTO RS/MG;8;A cada 360 dias
Comum_para débito_saque_consultas;88894548;COOPERATIVA DE CRÉDITO, POUPANÇA E INVESTIMENTO UNIÃO - SICREDI UNIAO RS/ES;8;A cada 360 dias
Comum_para débito_saque_consultas;81706616;COOPERATIVA DE CRÉDITO, POUPANÇA E INVESTIMENTO VALOR SUSTENTÁVEL - SICREDI VALOR SUSTENTÁVEL PR/SP;8;A cada 360 dias
Comum_para débito_saque_consultas;25626490;COOPERATIVA DE CRÉDITO, POUPANÇA E INVESTIMENTO ALTO RIO GRANDE MG - SICREDI CREDIGRANDE MG;8;A cada 360 dias
Comum_para débito_saque_consultas;4525997;COOPERATIVA DE CRÉDITO, POUPANÇA E INVESTIMENTO DOS PROFESSORES, FUNCIONÁRIOS E ALUNOS DA UNIVERSIDADE DE CAXIAS DO SUL - SICREDI COOPERUCS;8;A cada 360 dias
Comum_para débito_saque_consultas;87853206;COOPERATIVA DE CRÉDITO, POUPANÇA E INVESTIMENTO OURO BRANCO - SICREDI OURO BRANCO RS/MG;8;A cada 360 dias
Comum_para débito_saque_consultas;3662047;COOPERATIVA DE CRÉDITO, POUPANÇA E INVESTIMENTO DAS CARREIRAS DO MINISTÉRIO PÚBLICO, TRIBUNAL DE CONTAS E SECRETARIA DA FAZENDA DO RIO GRANDE DO SUL - SICREDI MP RS;8;A cada 360 dias
Comum_para débito_saque_consultas;4484490;COOPERATIVA DE CRÉDITO POUPANÇA E INVESTIMENTO DA ALTA NOROESTE DE SÃO PAULO - SICREDI ALTA NOROESTE SP;8;A cada 360 dias
Comum_para débito_saque_consultas;83315408;SICREDI NORTE - COOPERATIVA DE CRÉDITO;8;A cada 360 dias
Comum_para débito_saque_consultas;4463602;COOPERATIVA DE CRÉDITO, POUPANÇA E INVESTIMENTO DA REGIÃO CENTRO OESTE PAULISTA - SICREDI CENTRO OESTE PAULISTA;8;A cada 360 dias
Comum_para débito_saque_consultas;4853988;COOPERATIVA DE CRÉDITO, POUPANÇA E INVESTIMENTO BANDEIRANTES - SICREDI BANDEIRANTES SP;8;A cada 360 dias
Comum_para débito_saque_consultas;6078926;COOPERATIVA DE CRÉDITO, POUPANÇA E INVESTIMENTO DOS ESCRIVÃES, NOTÁRIOS E REGISTRADORES NO ESTADO DO PARANÁ - SICREDI CREDENOREG PR;8;A cada 360 dias
Comum_para débito_saque_consultas;88530142;COOPERATIVA DE CRÉDITO E INVESTIMENTO LIBERDADE - SICREDI LIBERDADE;8;A cada 360 dias
Comum_para débito_saque_consultas;88471024;COOPERATIVA DE CRÉDITO CENTRO LESTE - SICREDI CENTRO LESTE RS;8;A cada 360 dias
Comum_para débito_saque_consultas;87780284;COOPERATIVA DE CRÉDITO, POUPANÇA E INVESTIMENTO VALE DO JAGUARI E ZONA DA MATA - SICREDI VALE DO JAGUARI E ZONA DA MATA RS/MG;8;A cada 360 dias
Comum_para débito_saque_consultas;87900601;COOPERATIVA DE CRÉDITO, POUPANÇA E INVESTIMENTO BOTUCARAÍ - SICREDI BOTUCARAÍ RS/MG;8;A cada 360 dias
Comum_para débito_saque_consultas;90608712;COOPERATIVA DE CRÉDITO SICREDI SERRANA RS/ES;8;A cada 360 dias
Comum_para débito_saque_consultas;9512539;COOPERATIVA DE CRÉDITO DA FOZ DO RIO ITAJAÍ AÇU - CREDIFOZ;7,45;A cada 365 dias
Comum_para débito_saque_consultas;24048910;COOPERATIVA DE CRÉDITO CREDINTER LTDA. - SICOOB CREDINTER;7,4;A cada 30 dias
Comum_para débito_saque_consultas;60701190;ITAÚ UNIBANCO S.A.;7,35;A cada 30 dias
Comum_para débito_saque_consultas;9590601;COOPERATIVA DE CRÉDITO DA SERRA CATARINENSE - CREDICOMIN;7,15;A cada 365 dias
Comum_para débito_saque_consultas;0;BANCO DO BRASIL S.A.;6,45;A cada 30 dias
Comum_para débito_saque_consultas;4833655;COOPERATIVA DE ECONOMIA E CRÉDITO MÚTUO SICOOB METALCRED;6;A cada 1 dias
Comum_para débito_saque_consultas;1760242;COOPERATIVA DE CRÉDITO DE LIVRE ADMISSÃO DE BELO HORIZONTE E CIDADES POLO DO ESTADO DE MINAS GERAIS LTDA. - SICOOB NOSSACOOP;6;A cada 1 dias
Comum_para débito_saque_consultas;8075352;COOPERATIVA DE CRÉDITO DOS EMPRESÁRIOS E EMPREGADOS DOS TRANSPORTES E CORREIOS DO SUL DO BRASIL - TRANSPOCRED;6;A cada 365 dias
Comum_para débito_saque_consultas;5439425;CREDISIS CAPITALCREDI - COOPERATIVA DE CRÉDITO DE LIVRE ADMISSÃO DO ACRE LTDA;5,35;A cada 360 dias
Comum_para débito_saque_consultas;71884498;COOPERATIVA DE CRÉDITO DOS MÉDICOS, DENTISTAS, PROFISSIONAIS DA ÁREA DE SAÚDE E DE LIVRE ADMISSÃO DO ESTADO DE SÃO PAULO LTDA. - UNICRED DO ESTADO DE SÃO PAULO;5,08;A cada 1 dias
Comum_para débito_saque_consultas;9004796;COOPERATIVA DE ECONOMIA E CRÉDITO MÚTUO SICOOB CRED-ACILPA;5;A cada 30 dias
Comum_para débito_saque_consultas;59615005;PATACÃO DISTRIBUIDORA DE TÍTULOS E VALORES MOBILIÁRIOS LTDA.;5;A cada 360 dias
Comum_para débito_saque_consultas;41669227;COOPERATIVA DE CRÉDITO DE PRODUTORES RURAIS E DE LIVRE ADMISSÃO DO TRIÂNGULO LTDA    SICOOB CREDITRIL;5;A cada 1 dias
Comum_para débito_saque_consultas;3102185;COOPERATIVA DE CRÉDITO DOS SERVIDORES DA UNIÃO, EMPRESÁRIOS, PROFISSIONAIS AUTÔNOMOS E LIBERAIS - SICOOB CENTRO NORDESTE;5;A cada 360 dias
Comum_para débito_saque_consultas;2015588;COOPERATIVA DE CRÉDITO DE LIVRE ADMISSÃO DO CENTRO SUL RONDONIENSE - SICOOB CREDIP.;5;A cada 30 dias
Comum_para débito_saque_consultas;22724710;COOPERATIVA DE CRÉDITO CREDIVERTENTES LTDA. - SICOOB CREDIVERTENTES;5;A cada 30 dias
Comum_para débito_saque_consultas;9579249;COOPERATIVA DE ECONOMIA E CRÉDITO MÚTUO DOS EMPRESÁRIOS DE AMERICANA, LIMEIRA E REGIÃO - SICOOB ACICRED;5;A cada 30 dias
Comum_para débito_saque_consultas;19869338;COOPERATIVA DE CREDITO DE LIVRE ADMISSAO DO VALE DO AÇO LTDA - SICOOB VALE DO AÇO;5;A cada 30 dias
Comum_para débito_saque_consultas;1559914;SICOOB AC CREDI - COOPERATIVA DE CRÉDITO DE LIVRE ADMISSÃO DO LESTE E NORDESTE MINEIRO LTDA.;5;A cada 365 dias
Comum_para débito_saque_consultas;19402130;COOPERATIVA DE ECONOMIA E CRÉDITO MÚTUO DOS SERVIDORES DA FUNDAÇÃO HOSPITALAR E EMPREGADOS DOS ESTABELECIMENTOS HOSPITALARES DE BELO HORIZONTE, REGIÃO METROPOLITANA E ZONA DA MATA LTDA.- SICOOB CECREF;4;A cada 30 dias
Comum_para débito_saque_consultas;25798596;COOPERATIVA DE CRÉDITO CREDIVAR LTDA. - SICOOB CREDIVAR;4;A cada 30 dias
Comum_para débito_saque_consultas;7946216;COOPERATIVA DE CRÉDITO DE LIVRE ADMISSÃO SICOOB UNIÃO SUDESTE;4;A cada 30 dias
Comum_para débito_saque_consultas;5463934;COOPERATIVA DE CREDITO CREDLIDER - SICOOB CREDLIDER;3,5;A cada 30 dias
Comum_para débito_saque_consultas;71238232;COOPERATIVA DE CRÉDITO DO CENTRO SUL MINEIRO LTDA. - SICOOB CENTRO SUL MINEIRO;3,5;A cada 360 dias
Comum_para débito_saque_consultas;1644264;COOPERATIVA DE CRÉDITO DE LIVRE ADMISSÃO DO MÉDIO PIRACICABA E DO CIRCUITO DO OURO LTDA. - SICOOB CREDIMEPI;3,5;A cada 30 dias
Comum_para débito_saque_consultas;41697103;COOPERATIVA DE CRÉDITO CREDILIVRE LTDA. - SICOOB CREDILIVRE;3,5;A cada 360 dias
Comum_para débito_saque_consultas;21661202;COOPERATIVA DE CRÉDITO CREDICAMPO LTDA.- SICOOB CREDICAMPO;3,19;A cada 30 dias
Comum_para débito_saque_consultas;1699652;COOPERATIVA DE CRÉDITO DE LIVRE ADMISSÃO DA REGIÃO DE GUAXUPÉ LTDA. - SICOOB ACICREDI;3,15;A cada 30 dias
Comum_para débito_saque_consultas;71336432;SICOOB CREDIMED - COOPERATIVA DE CRÉDITO DE LIVRE ADMISSÃO DA CIDADE DE UBERABA LTDA.;3;A cada 30 dias
Comum_para débito_saque_consultas;21866694;COOPERATIVA DE CRÉDITO CREDINOR LTDA - SICOOB CREDINOR;3;A cada 30 dias
Comum_para débito_saque_consultas;952415;COOPERATIVA DE CRÉDITO DE LIVRE ADMISSÃO CREDFAZ LTDA. - SICOOB CREDFAZ;3;A cada 1 dias
Comum_para débito_saque_consultas;80959638;COOPERATIVA DE CRÉDITO DE LIVRE ADMISSÃO DE ASSOCIADOS DO MEIO OESTE CATARINENSE - SICOOB CREDIMOC SC;2,5;A cada 30 dias
Comum_para débito_saque_consultas;84156470;COOPERATIVA DE CRÉDITO DOS INTEGRANTES DO MINISTÉRIO PÚBLICO E DO PODER JUDICIÁRIO NOS ESTADOS DO AMAPÁ E CEARÁ E LIVRE ADMISSÃO NO ESTADO DO PARÁ - SICOOB COIMPPA;2,2;A cada 30 dias
Comum_para débito_saque_consultas;66259110;COOPERATIVA DE CRÉDITO CREDIBAM LTDA. - SICOOB CREDIBAM;2,2;A cada 30 dias
Comum_para débito_saque_consultas;1205736;COOPERATIVA DE CRÉDITO SICOOB COSTA DO DESCOBRIMENTO LTDA.;2,2;A cada 30 dias
Comum_para débito_saque_consultas;8044854;COOPERATIVA DE CREDITO DO CENTRO DO ESTADO DE RONDONIA - SICOOB CENTRO;2,2;A cada 30 dias
Comum_para débito_saque_consultas;25395435;COOPERATIVA DE CRÉDITO CREDICAF LTDA - SICOOB CREDICAF;2,2;A cada 30 dias
Comum_para débito_saque_consultas;4406371;COOPERATIVA DE CRÉDITO DE LIVRE ADMISSÃO DO ESTADO DE GOIÁS;2,2;A cada 30 dias
Comum_para débito_saque_consultas;86791837;COOPERATIVA DE CRÉDITO DO VALE DOS PINHAIS - SICOOB VALE DOS PINHAIS;2,2;A cada 30 dias
Comum_para débito_saque_consultas;3459850;COOPERATIVA DE CRÉDITO SICOOB METROPOLITANO;2,2;A cada 30 dias
Comum_para débito_saque_consultas;37076205;COOPERATIVA DE CRÉDITO DE LIVRE ADMISSÃO DE ASSOCIADOS LTDA. - SICOOB JUDICIÁRIO;2;A cada 180 dias
Comum_para débito_saque_consultas;2217068;COOPERATIVA DE CRÉDITO DOS CONTADORES, ADMINISTRADORES DE EMPRESAS, ECONOMISTAS E CORRETORES DE SEGUROS LTDA. - SICOOB CREDITABIL;2;A cada 30 dias
Comum_para débito_saque_consultas;33615055;COOPERATIVA DE CRÉDITO DE LIVRE ADMISSÃO DE ANÁPOLIS E REGIÃO LTDA;1,4;A cada 99999 dias
Comum_para débito_saque_consultas;9552111;COOPERATIVA DE CRÉDITO DOS MAGISTRADOS, SERVIDORES DA JUSTIÇA DO ESTADO DE GOIÁS E EMPREGADOS DA CELG LTDA.;1;A cada 360 dias
Comum_para débito_saque_consultas;22753982;COOPERATIVA DE CRÉDITO CREDISETE LTDA. - SICOOB CREDISETE;1;A cada 365 dias
Comum_para débito_saque_consultas;68987;COOPERATIVA DE CRÉDITO SICOOB ARACREDI LTDA - SICOOB ARACREDI;0;-
Comum_para débito_saque_consultas;71479653;COOPERATIVA DE ECONOMIA E CRÉDITO MÚTUO DOS MÉDICOS E DEMAIS PROFISSIONAIS DA ÁREA DE SAÚDE DE NÍVEL SUPERIOR DE JUIZ DE FORA LTDA. - UNICRED CAMINHO NOVO;0;-
Comum_para débito_saque_consultas;49389307;COOPERATIVA DE CREDITO COOPLIVRE;0;-
Comum_para débito_saque_consultas;66402207;COOPERATIVA DE CRÉDITO DE LIVRE ADMISSÃO DE SÃO ROQUE DE MINAS LTDA.;0;-
Comum_para débito_saque_consultas;42272526;BNY MELLON BANCO S.A.;0;-
Comum_para débito_saque_consultas;26178111;COOPERATIVA DE CRÉDITO UNIÃO CENTRO OESTE LTDA. - SICOOB UNIÃO CENTRO OESTE;0;-
Comum_para débito_saque_consultas;67341487;COOPERATIVA DE ECONOMIA E CRÉDITO MÚTUO DOS FUNCIONÁRIOS DA TETRA PAK;0;-
Comum_para débito_saque_consultas;4355489;COOPERATIVA DE CRÉDITO UNICRED COOMARCA LTDA. - COOMARCA;0;-
Comum_para débito_saque_consultas;7502031;COOPERATIVA DE CRÉDITO DE LIVRE ADMISSÃO CENTRO OESTE LTDA.;0;-
Comum_para débito_saque_consultas;4247370;COOPERATIVA DE CRÉDITO DE EMPRESÁRIOS - SICOOB/TRANSCREDI;0;-
Comum_para débito_saque_consultas;66398496;COOPERATIVA DE CRÉDITO CREDIARA LTDA - SICOOB CREDIARA;0;-
Comum_para débito_saque_consultas;3620772;COOPERATIVA DE CRÉDITO MÚTUO DO CEARÁ - SICOOB CEARÁ;0;-
Comum_para débito_saque_consultas;50585090;BCV - BANCO DE CRÉDITO E VAREJO S.A.;0;-
Comum_para débito_saque_consultas;43180355;PEFISA S.A. - CRÉDITO, FINANCIAMENTO E INVESTIMENTO;0;-
Comum_para débito_saque_consultas;259231;SICOOB UNIMAIS METROPOLITANA - COOPERATIVA DE CRÉDITO DE LIVRE ADMISSÃO;0;-
Comum_para débito_saque_consultas;59869560;COOPERATIVA DE CREDITO NOSSO - SICOOB NOSSO;0;-
Comum_para débito_saque_consultas;5591437;COOPERATIVA DE ECONOMIA E CRÉDITO MÚTUO SERVIDORES PÚBLICOS ATIVOS, INATIVOS E PENSIONISTAS DA ADMINISTRAÇÃO DIRETA, INDIRETA E ASSEMBLÉIA LEGISLATIVA DO ESTADO DO RIO GRANDE SUL - COOPSERGS;0;-
Comum_para débito_saque_consultas;64276058;COOPERATIVA DE CRÉDITO CREDINORTE LTDA. - SICOOB CREDINORTE;0;-
Comum_para débito_saque_consultas;44746352;COOPERATIVA DE CRÉDITO DOS FORNECEDORES DE CANA DE BARRA BONITA E REGIÃO;0;-
Comum_para débito_saque_consultas;2528151;COOPERATIVA DE CRÉDITO SICOOB CREDCOOP LTDA.;0;-
Comum_para débito_saque_consultas;21670187;COOPERATIVA DE CRÉDITO CREDIBOM LTDA. - SICOOB CREDIBOM;0;-
Comum_para débito_saque_consultas;694389;COOPERATIVA DE CRÉDITO DE LIVRE ADMISSÃO DE ASSOCIADOS - SICOOB CREDICARU SC/RS;0;-
Comum_para débito_saque_consultas;5491616;COOPERATIVA DE CRÉDITO, POUPANÇA E SERVIÇOS FINANCEIROS DO CENTRO OESTE - CREDITAG;0;-
Comum_para débito_saque_consultas;35479592;DUFRIO FINANCEIRA, CRÉDITO, FINANCIAMENTO E INVESTIMENTOS S.A.;0;-
Comum_para débito_saque_consultas;6910457;COOPERATIVA DE CRÉDITO DE LIVRE ADMISSÃO DE SANTA CRUZ DAS PALMEIRAS E REGIÃO;0;-
Comum_para débito_saque_consultas;26758433;COOPERATIVA DE ECONOMIA E CRÉDITO MÚTUO DOS PETROLEIROS NO ESTADO DE MINAS GERAIS LTDA. - COPETRO;0;-
Comum_para débito_saque_consultas;3358914;COOPERATIVA DE CREDITO CREDIROCHAS - SICOOB CREDIROCHAS;0;-
Comum_para débito_saque_consultas;4751713;COOPERATIVA DE CRÉDITO E INVESTIMENTOS DE RONDÔNIA - SICOOB CREDJURD;0;-
Comum_para débito_saque_consultas;73279093;PACIFIC INVEST DISTRIBUIDORA DE TITULOS E VALORES MOBILIARIOS LTDA;0;-
Comum_para débito_saque_consultas;10218474;COOPERATIVA DE CRÉDITO DA REGIÃO DO CONTESTADO - CIVIA;0;-
Comum_para débito_saque_consultas;73398646;SOCIEDADE COOPERATIVA DE CRÉDITO COOPERE LTDA.  - SICOOB COOPERE;0;-
Comum_para débito_saque_consultas;3732359;COOPERATIVA DE CRÉDITO DE LIVRE ADMISSÃO DE PERNAMBUCO - SICOOB PERNAMBUCO;0;-
Comum_para débito_saque_consultas;4120633;COOPERATIVA DE CREDITO CLASSICA DO ESTADO DO RIO DE JANEIRO - SICOOB EMPRESAS RJ;0;-
Comum_para débito_saque_consultas;20833976;COOPERATIVA DE CRÉDITO DOS SERVIDORES PÚBLICOS MUNICIPAIS DE TIMÓTEO LTDA. - COOPERTIM;0;-
Comum_para débito_saque_consultas;73443863;COOPERATIVA DE CRÉDITO UNICRED VALE LTDA - UNICRED VALE;0;-
Comum_para débito_saque_consultas;71069587;COOPERATIVA DE CRÉDITO CREDPLUS LTDA. - SICOOB CREDPLUS;0;-
Comum_para débito_saque_consultas;1848322;UNIPRIME DO IGUAÇU - COOPERATIVA DE CRÉDITO, POUPANÇA E INVESTIMENTO;0;-
Comum_para débito_saque_consultas;71163315;COOPERATIVA DE CRÉDITO MÚTUO DOS PROFISSIONAIS DE NÍVEL SUPERIOR DA SAÚDE, ARQUITETOS E URBANISTAS DE SETE LAGOAS E REGIÃO LTDA - UNICRED SETE LAGOAS;0;-
Comum_para débito_saque_consultas;71146450;COOPERATIVA DE CRÉDITO DE LIVRE ADMISSÃO DE CAMPOS GERAIS E CAMPO DO MEIO LTDA - SICOOB CREDCAM;0;-
Comum_para débito_saque_consultas;71027866;BANCO BS2 S.A.;0;-
Comum_para débito_saque_consultas;3320525;COOPERATIVA DE CRÉDITO ARACOOP LTDA. - SICOOB ARACOOP;0;-
Comum_para débito_saque_consultas;2275781;COOPERATIVA DE CRÉDITO MÚTUO DOS SERVIDORES FEDERAIS NA PARAÍBA - SICOOB COOPERCRET;0;-
Comum_para débito_saque_consultas;71261184;COOPERATIVA DE CRÉDITO DE LIVRE ADMISSÃO DA REGIÃO DO CAPARAÓ LTDA. - SICOOB SAÚDE;0;-
Comum_para débito_saque_consultas;40434681;AZUMI DISTRIBUIDORA DE TÍTULOS E VALORES MOBILIÁRIOS LTDA.;0;-
Comum_para débito_saque_consultas;548980;COOPERATIVA DE ECONOMIA E CRÉDITO MÚTUO DOS FUNCIONÁRIOS DO GRUPO SUGGAR LTDA.;0;-
Comum_para débito_saque_consultas;71418784;COOPERATIVA DE CRÉDITO DOS MÉDICOS, TÉCNICOS E DEMAIS PROFISSIONAIS DA SAÚDE DO SUL DE MINAS LTDA., UNICRED SUL DE MINAS;0;-
Comum_para débito_saque_consultas;2282709;COOPERATIVA DE CRÉDITO DE LIVRE ADMISSÃO DO CENTRO NORTE BRASILEIRO;0;-
Comum_para débito_saque_consultas;71441406;COOPERATIVA DE CRÉDITO DE LIVRE ADMISSÃO DE PEDRO LEOPOLDO LTDA - SICOOB CREDIPEL;0;-
Comum_para débito_saque_consultas;7714057;COOPERATIVA DE ECONOMIA E CRÉDITO MÚTUO DOS PROFISSIONAIS DA ÁREA NOTARIAL E REGISTRAL - COOPNORE;0;-
Comum_para débito_saque_consultas;4281182;COOPERATIVA DE CREDITO E ECONOMIA COM INTERACAO SOLIDARIA DE CHAPECO - CRESOL CHAPECO;0;-
Comum_para débito_saque_consultas;18966739;COOPERATIVA DE CRÉDITO COPERSUL LTDA - SICOOB COPERSUL;0;-
Comum_para débito_saque_consultas;25683475;COOPERATIVA DE CRÉDITO DE LIVRE ADMISSÃO DO VALE DO RIO GRANDE LTDA. - SICOOB UBERABA;0;-
Comum_para débito_saque_consultas;34148882;COOPERATIVA CENTRAL DE CRÉDITO DA BAHIA LTDA - SICOOB CENTRAL BA;0;-
Comum_para débito_saque_consultas;1582158;OPPORTUNITY DISTRIBUIDORA DE TÍTULOS E VALORES MOBILIÁRIOS LTDA;0;-
Comum_para débito_saque_consultas;2057584;COOPERATIVA DE CRÉDITO SICOOB SERTÃO LTDA;0;-
Comum_para débito_saque_consultas;32648370;FAIR CORRETORA DE CAMBIO S.A.;0;-
Comum_para débito_saque_consultas;34169557;BANCO MERCANTIL DE INVESTIMENTOS S/A;0;-
Comum_para débito_saque_consultas;2475222;COOPERATIVA DE ECONOMIA E CREDITO MUTUO DOS SERVIDORES ESTATUTARIOS DA ADMINISTRACAO DIRETA DO ESTADO DO ESPIRITO SANTO - COOPFISCO;0;-
Comum_para débito_saque_consultas;26178533;COOPERATIVA DE CRÉDITO DE LIVRE ADMISSÃO DO PONTAL DO TRIANGULO LTDA - SICOOB CREDIPONTAL;0;-
Comum_para débito_saque_consultas;33040601;CREDITAQUI FINANCEIRA S.A. - CRÉDITO, FINANCIAMENTO E INVESTIMENTO;0;-
Comum_para débito_saque_consultas;2935307;COOPERATIVA DE CRÉDITO SICOOB CREDSEGURO LTDA.;0;-
Comum_para débito_saque_consultas;1009908;COOPERATIVA DE CREDITO DE LIVRE ADMISSAO DE PARA DE MINAS LTDA - SICOOB ASCICRED;0;-
Comum_para débito_saque_consultas;26014175;COOPERATIVA DE CRÉDITO GUARANICREDI LTDA. - SICOOB GUARANICREDI;0;-
Comum_para débito_saque_consultas;92675578;COOPERATIVA DE ECONOMIA E CRÉDITO MÚTUO DOS EMPREGADOS DO SISTEMA FIERGS - CRESUL;0;-
Comum_para débito_saque_consultas;5841967;COOPERATIVA DE ECONOMIA E CRÉDITO MÚTUO DOS FABRICANTES DE CALÇADOS DE SAPIRANGA LTDA.;0;-
Comum_para débito_saque_consultas;25528753;COOPERATIVA DE CRÉDITO DE LIVRE ADMISSÃO DA REGIÃO DE DIVINÓPOLIS LTDA - SICOOB CREDIVERDE;0;-
Comum_para débito_saque_consultas;4546162;COOPERATIVA DE CRÉDITO MÚTUO DE SERVIDORES PÚBLICOS DO ESTADO DE SÃO PAULO - CREDIFISCO;0;-
Comum_para débito_saque_consultas;71506513;COOPERATIVA DE CRÉDITO SICOOB ITAPAGIPE LTDA - SICOOB ITAPAGIPE;0;-
Comum_para débito_saque_consultas;21110927;COOPERATIVA DE CRÉDITO CLÁSSICA DOS FUNCIONÁRIOS E PRESTADORES DE SERVIÇOS DAS EMPRESAS LIGADAS AO GRUPO EUCATUR LTDA. - SICOOB EUCRED;0;-
Comum_para débito_saque_consultas;83325811;CREDISIS COOPERUFPA - COOPERATIVA DE ECONOMIA E CRÉDITO MÚTUO DOS SERVIDORES PÚBLICOS FEDERAIS E ESTADUAIS E DAS ENTIDADES DE ENSINO COM SEUS RESPECTIVOS FUNCIONÁRIOS NO ESTADO DO PARÁ;0;-
Comum_para débito_saque_consultas;106180;CENTRAL DAS COOPERATIVAS DE CRÉDITO DOS ESTADOS DE MATO GROSSO, MATO GROSSO DO SUL E DO MUNICÍPIO DE CACOAL/RO - SICOOB CENTRAL RONDON;0;-
Comum_para débito_saque_consultas;33709114;CITIGROUP GLOBAL MARKETS BRASIL, CORRETORA DE CÂMBIO, TÍTULOS E VALORES MOBILIÁRIOS S.A.;0;-
Comum_para débito_saque_consultas;78840071;COOPERATIVA DE CRÉDITO DE LIVRE ADMISSÃO DE ASSOCIADOS DO ALTO URUGUAI CATARINENSE - SICOOB CREDIAUC;0;-
Comum_para débito_saque_consultas;9403026;COOPERATIVA DE CRÉDITO CENTRO LESTE NORTE MARANHENSE - SICOOB CENTROLESTE;0;-
Comum_para débito_saque_consultas;3033469;COOPERATIVA DE CREDITO DO PLANALTO SUL - SICOOB CREDISSERRANA;0;-
Comum_para débito_saque_consultas;42100982;COOPERATIVA DE ECONOMIA E CREDITO MUTUO DOS SERVIDORES DA EMPRESA BRASILEIRA DE CORREIOS E TELEGRAFOS LTDA;0;-
Comum_para débito_saque_consultas;1259518;COOPERATIVA DE CRÉDITO DE LIVRE ADMISSÃO SICOOB UNIMAIS CENTRO LESTE PAULISTA - SICOOB UNIMAIS CENTRO LESTE PAULISTA;0;-
Comum_para débito_saque_consultas;8844074;COOPERATIVA DE CRÉDITO DE ITAPETININGA - SICOOB CRED-ACI;0;-
Comum_para débito_saque_consultas;3973814;SERVICOOP - COOPERATIVA DE CRÉDITO DOS SERVIDORES PÚBLICOS ESTADUAIS E MUNICIPAIS DO RIO GRANDE DO SUL;0;-
Comum_para débito_saque_consultas;1608685;COOPERATIVA DE CRÉDITO DE LIVRE ADMISSÃO DO ESTADO DO ACRE LTDA.;0;-
Comum_para débito_saque_consultas;4985665;CREDISIS OESTE - COOPERATIVA DE CRÉDITO E INVESTIMENTO DO OESTE;0;-
Comum_para débito_saque_consultas;4998845;COOPERATIVA DE ECONOMIA E CRÉDITO MÚTUO DOS EMPREGADOS DA MINERACÃO RIO DO NORTE S/A, EM PORTO TROMBETAS LIMITADA -  CREDNORTE;0;-
Comum_para débito_saque_consultas;8520517;SOL CORRETORA DE CÂMBIO LTDA.;0;-
Comum_para débito_saque_consultas;4321309;COOPERATIVA DE CRÉDITO DOS SERVIDORES PÚBLICOS NO ESTADO DA BAHIA LTDA. - SICOOB CRED EXECUTIVO;0;-
Comum_para débito_saque_consultas;2853045;COOPERATIVA DE ECONOMIA E CREDITO MUTUO DOS MEDICOS E DEMAIS PROFISSIONAIS DA SAUDE DE JOACABA;0;-
Comum_para débito_saque_consultas;1667766;SICOOB CREDINOVA - COOPERATIVA DE CRÉDITO DE LIVRE ADMISSÃO DE NOVA SERRANA E REGIÃO CENTRO-OESTE LTDA.;0;-
Comum_para débito_saque_consultas;4323351;MORGAN STANLEY CORRETORA DE TÍTULOS E VALORES MOBILIÁRIOS S.A.;0;-
Comum_para débito_saque_consultas;4152107;COOPERATIVA DE ECONOMIA E CRÉDITO MÚTUO DOS SERVIDORES DA POLÍCIA MILITAR DO ESTADO DE SÃO PAULO DA REGIÃO CENTRO-OESTE PAULISTA - CREDMIL;0;-
Comum_para débito_saque_consultas;7494300;COOPERATIVA DE ECONOMIA E CRÉDITO MÚTUO DOS TRABALHADORES NA ÁREA DE SAÚDE, AFINS E EMPRESÁRIOS VINCULADOS À ACCI DE ERECHIM-RS-CREDISUL;0;-
Comum_para débito_saque_consultas;7789195;COOPERATIVA DE CRÉDITO DE LIVRE ADMISSÃO E DOS TRANSPORTADORES RODOVIÁRIOS DE VEÍCULOS - SICOOB CREDCEG;0;-
Comum_para débito_saque_consultas;4622657;COOPERATIVA DE CRÉDITO RURAL COM INTERAÇÃO SOLIDÁRIA GERAÇÕES - CRESOL GERAÇÕES;0;-
Comum_para débito_saque_consultas;12384953;COOPERATIVA DE CRÉDITO DE LIVRE ADMISSÃO DE ASSOCIADOS DE JARAGUÁ DO SUL E REGIÃO - SICOOB CEJASCRED;0;-
Comum_para débito_saque_consultas;707903;COOPERATIVA DE CRÉDITO VALE DO CANOAS - SICOOB/SC CREDICANOAS;0;-
Comum_para débito_saque_consultas;1637949;COOPERATIVA DE CRÉDITO DE LIVRE ADMISSÃO DO VALE DO PARANAPANEMA;0;-
Comum_para débito_saque_consultas;22656789;COOPERATIVA DE CREDITO CREDISUDESTE LTDA. - SICOOB CREDISUDESTE;0;-
Comum_para débito_saque_consultas;57598120;COOPERATIVA DE ECONOMIA E CRÉDITO MÚTUO DOS EMPREGADOS DO GRUPO TELEFÔNICA;0;-
Comum_para débito_saque_consultas;9210106;SOCRED S.A. - SOCIEDADE DE CRÉDITO AO MICROEMPREENDEDOR E À EMPRESA DE PEQUENO PORTE;0;-
Comum_para débito_saque_consultas;52935442;COOPERATIVA DE ECONOMIA E CRÉDITO MÚTUO ALIANÇA - COOPERNITRO;0;-
Comum_para débito_saque_consultas;2480577;COOPERATIVA DE CRÉDITO DE LIVRE ADMISSÃO E DOS ADVOGADOS LTDA. - SICOOB CREDIJUR;0;-
Comum_para débito_saque_consultas;881829;COOPERATIVA DE CRÉDITO MÚTUO DOS SERVIDORES PÚBLICOS MUNICIPAIS DE JABOTICABAL - COOPERSERV;0;-
Comum_para débito_saque_consultas;33416108;COOPERATIVA CENTRAL DE CRÉDITO DE GOIÁS, DISTRITO FEDERAL E TOCANTINS LTDA. - SICOOB NOVA CENTRAL;0;-
Comum_para débito_saque_consultas;558456;BANCO CETELEM S.A.;0;-
Comum_para débito_saque_consultas;2093154;COOPERATIVA DE CRÉDITO MÚTUO DOS EMPREGADOS DO MAGAZINE LUIZA, EMPRESAS CONTROLADAS E COLIGADAS - COOPLUIZA;0;-
Comum_para débito_saque_consultas;71432926;COOPERATIVA DE CRÉDITO DOS PROFISSIONAIS DE SAÚDE E DE LIVRE ADMISSÃO DO TRIÂNGULO MINEIRO E SUL DE MINAS LTDA. - UNICRED PROGRESSO;0;-
Comum_para débito_saque_consultas;1062439;COOPERATIVA DE ECONOMIA E CREDITO MUTUO DOS FUNCIONARIOS DA COMIGO;0;-
Comum_para débito_saque_consultas;67960229;COOPERATIVA DE CRÉDITO CREDIGUAÇU - SICOOB CREDIGUAÇU;0;-
Comum_para débito_saque_consultas;25683434;COOPERATIVA CENTRAL DE CRÉDITO DE MINAS GERAIS LTDA. - SICOOB CENTRAL CREDIMINAS;0;-
Comum_para débito_saque_consultas;1187961;COOPERATIVA DE CRÉDITO DO DISTRITO FEDERAL E ENTORNO LTDA;0;-
Comum_para débito_saque_consultas;6077760;COOPERATIVA DE CRÉDITO MÚTUO DOS FUNCIONÁRIOS DA RICLAN;0;-
Comum_para débito_saque_consultas;2541707;COOPERATIVA DE ECONOMIA E CRÉDITO MÚTUO DOS FUNCIONÁRIOS DAS EMPRESAS DE CERÂMICA - COOPASPACER;0;-
Comum_para débito_saque_consultas;4174720;COOPERATIVA DE CRÉDITO SICOOB COOPEMAR LTDA;0;-
Comum_para débito_saque_consultas;72600026;RIO BRAVO INVESTIMENTOS - DISTRIBUIDORA DE TÍTULOS E VALORES MOBILIÁRIOS LTDA.;0;-
Comum_para débito_saque_consultas;38588174;COOPERATIVA DE CRÉDITO CREDICOPE LTDA. - SICOOB CREDICOPE;0;-
Comum_para débito_saque_consultas;2447120;COOPERATIVA DE CRÉDITO SICOOB EXTREMO SUL LTDA.;0;-
Comum_para débito_saque_consultas;42880617;COOPERATIVA DE CRÉDITO DE TIROS E MATUTINA LTDA.- SICOOB CREDITIROS;0;-
Comum_para débito_saque_consultas;2448839;COOPERATIVA DE CRÉDITO DE RIO RUFINO - SICOOB CREDIUNIÃO;0;-
Comum_para débito_saque_consultas;69136075;COOPERATIVA DE ECONOMIA E CRÉDITO MÚTUO DOS SERVIDORES DA UNESP - COOPUNESP;0;-
Comum_para débito_saque_consultas;32467086;COOPERATIVA DE CRÉDITO SUL DO ESPÍRITO SANTO - SICOOB SUL;0;-
Comum_para débito_saque_consultas;81014060;COOPERATIVA DE CREDITO DE LIVRE ADMISSÃO DE ASSOCIADOS ITAIPU SICOOB CREDITAIPU;0;-
Comum_para débito_saque_consultas;32474884;COOPERATIVA DE CRÉDITO SUL-LITORÂNEA DO ESPÍRITO SANTO;0;-
Comum_para débito_saque_consultas;32428294;COOPERATIVA CENTRAL DE CREDITO DO ESPIRITO SANTO - SICOOB CENTRAL ES;0;-
Comum_para débito_saque_consultas;1389651;COOPERATIVA DE CRÉDITO DE LIVRE ADMISSÃO DE ASSOCIADOS DO PLANALTO CATARINENSE SICOOB CREDIPLANALTO SC/RS;0;-
Comum_para débito_saque_consultas;3844699;COOPERATIVA DE ECONOMIA E CREDITO MUTUO DOS TRABALHADORES PORTUARIOS DA GRANDE VITORIA - CREDESTIVA.;0;-
Comum_para débito_saque_consultas;3645752;COOPERATIVA DE CRÉDITO CREDISG LTDA. - SICOOB CREDISG;0;-
Comum_para débito_saque_consultas;5790149;CENTRAL COOPERATIVA DE CRÉDITO NO ESTADO DO ESPÍRITO SANTO - CECOOP;0;-
Comum_para débito_saque_consultas;5969937;COOPERATIVA DE CRÉDITO MÚTUO DOS SERVIDORES MUNICIPAIS DE BEBEDOURO - COOCRESB.;0;-
Comum_para débito_saque_consultas;24795049;COOPERATIVA DE CRÉDITO DE LIVRE ADMISSÃO DO SUDOESTE GOIANO;0;-
Comum_para débito_saque_consultas;968602;COOPERATIVA DE CREDITO DE LIVRE ADMISSÃO DO VALE DO SÃO PATRICIO LTDA.;0;-
Comum_para débito_saque_consultas;1739375;COOPERATIVA DE CRÉDITO DE LIVRE ADMISSÃO DE  LAGOA DA PRATA E REGIÃO LTDA.   SICOOB LAGOACRED GERAIS;0;-
Comum_para débito_saque_consultas;24830879;COOPERATIVA DE CRÉDITO DE LIVRE ADMISSÃO DO VALE DO ARAGUAIA LTDA.;0;-
Comum_para débito_saque_consultas;1330387;COOPERATIVA DE CRÉDITO RURAL DE PEQUENOS AGRICULTORES E DA REFORMA AGRÁRIA DO CENTRO OESTE DO PARANÁ - CREHNOR LARANJEIRAS;0;-
Comum_para débito_saque_consultas;62280490;DIBRAN DISTRIBUIDORA DE TÍTULOS E VALORES MOBILIÁRIOS LTDA.;0;-
Comum_para débito_saque_consultas;11703662;TRAVELEX BANCO DE CÂMBIO S.A.;0;-
Comum_para débito_saque_consultas;37255049;SICOOB CREDIGOIÁS COOPERATIVA DE CRÉDITO LTDA.;0;-
Comum_para débito_saque_consultas;4694278;COOPERATIVA DE ECONOMIA E CRÉDITO MÚTUO DOS INTEGRANTES DO MINISTÉRIO PÚBLICO E DA DEFENSORIA PÚBLICA NO ESTADO DO RIO DE JANEIRO LIMITADA. - SICOOB COMPERJ;0;-
Comum_para débito_saque_consultas;17315359;SITA SOCIEDADE CORRETORA DE CAMBIO E VALORES MOBILIARIOS S.A;0;-
Comum_para débito_saque_consultas;460065;COLUNA S/A DISTRIBUIDORA DE TITULOS E VALORES MOBILIÁRIOS;0;-
Comum_para débito_saque_consultas;803287;COOPERATIVA DE CRÉDITO CREDIVAZ LTDA. - SICOOB CREDIVAZ;0;-
Comum_para débito_saque_consultas;11907520;COOPERATIVA DE CRÉDITO DE LIVRE ADMISSÃO DA PARAÍBA - SICOOB PARAÍBA;0;-
Comum_para débito_saque_consultas;37631058;COOPERATIVA DE CRÉDITO DE LIVRE ADMISSÃO DE PALMEIRAS E REGIÃO LTDA.;0;-
Comum_para débito_saque_consultas;4079285;COOPERATIVA DE CRÉDITO DE LIVRE ADMISSÃO DE ITAJUBÁ LTDA - SICOOB SUDESTE MAIS;0;-
Comum_para débito_saque_consultas;2658435;BANCO CATERPILLAR S.A.;0;-
Comum_para débito_saque_consultas;2663426;COOPERATIVA DE CRÉDITO E ECONOMIA COM INTERAÇÃO SOLIDÁRIA - CRESOL NOROESTE;0;-
Comum_para débito_saque_consultas;74248949;COOPERATIVA DE CRÉDITO MÚTUO DOS SERVIDORES MUNICIPAIS DE SÃO JOÃO DA BOA VISTA - CREDIVISTA;0;-
Comum_para débito_saque_consultas;17167412;FINANCEIRA ALFA S.A. - CREDITO, FINANCIAMENTO E INVESTIMENTOS;0;-
Comum_para débito_saque_consultas;1286361;UNIPRIME PIONEIRA COOPERATIVA DE CRÉDITO;0;-
Comum_para débito_saque_consultas;411939;FINAMAX S.A. - CREDITO, FINANCIAMENTO E INVESTIMENTO;0;-
Comum_para débito_saque_consultas;3632872;COOPERATIVA DE CRÉDITO DE LIVRE ADMISSÃO DO SUDOESTE DA AMAZÔNIA LTDA. - SICOOB CREDISUL.;0;-
Comum_para débito_saque_consultas;1692448;COOPERATIVA DE CRÉDITO DE LIVRE ADMISSÃO DE ASSOCIADOS DO PLANALTO SERRANO - SICOOB CREDISERRA SC;0;-
Comum_para débito_saque_consultas;3412878;COOPERATIVA DE CRÉDITO CREDIRAMA LTDA - SICOOB CREDIRAMA;0;-
Comum_para débito_saque_consultas;3419786;COOPERATIVA DE CRÉDITO NOSSA SENHORA DO DESTERRO - SICOOB CREDISC;0;-
Comum_para débito_saque_consultas;31597552;BANCO CLASSICO S.A.;0;-
Comum_para débito_saque_consultas;91018408;COOPERATIVA DE ECONOMIA E CRÉDITO MÚTUO DOS FUNCIONÁRIOS DAS EMPRESAS DO GRUPO DANA - COOPDANA;0;-
Comum_para débito_saque_consultas;4831810;COOPERATIVA DE ECONOMIA E CREDITO MUTUO DOS SERVIDORES PUBLICOS DE PINHÃO - CRESERV-PINHÃO;0;-
Comum_para débito_saque_consultas;1727929;COOPERATIVA DE CRÉDITO UNICRED EVOLUÇÃO LTDA. - UNICRED EVOLUÇÃO;0;-
Comum_para débito_saque_consultas;8071414;COOPERATIVA DE ECONOMIA E CRÉDITO MÚTUO - SICOOB COOPERAC;0;-
Comum_para débito_saque_consultas;74114042;COOPERATIVA DE CRÉDITO UNICRED UNIÃO LTDA - UNICRED UNIÃO;0;-
Comum_para débito_saque_consultas;5419025;COOPERATIVA DE ECONOMIA E CREDITO MÚTUO DOS PROFESSORES ESTADUAIS DA REGIÃO METROPOLITANA DE PORTO ALEGRE - EDUCREDI;0;-
Comum_para débito_saque_consultas;47074323;SICOOB CREDICONSUMO - COOPERATIVA DE CRÉDITO;0;-
Comum_para débito_saque_consultas;4414354;COOPERATIVA DE CRÉDITO MÚTUO DO ABC - COOPER 7;0;-
Comum_para débito_saque_consultas;2338666;COOPERATIVA DE CRÉDITO DE LIVRE ADMISSÃO CREDIEMBRAPA LTDA - SICOOB.;0;-
Comum_para débito_saque_consultas;5203605;COOPERATIVA DE CRÉDITO DA AMAZÔNIA - SICOOB AMAZÔNIA;0;-
Comum_para débito_saque_consultas;14388334;PARANÁ BANCO S.A.;0;-
Comum_para débito_saque_consultas;2405189;COOPERATIVA DE CRÉDITO DA GRANDE FLORIANÓPOLIS - ÚNILOS;0;-
Comum_para débito_saque_consultas;2090126;COOPERATIVA DE CRÉDITO DE LIVRE ADMISSÃO DE ASSOCIADOS VALE DO CHAPECOZINHO - SICOOB VALCREDI SUL;0;-
Comum_para débito_saque_consultas;71392047;COOPERATIVA DE CRÉDITO MONTECREDI LTDA. - SICOOB MONTECREDI;0;-
Comum_para débito_saque_consultas;61533584;BANCO SOCIETE GENERALE BRASIL S.A.;0;-
Comum_para débito_saque_consultas;37554441;COOPERATIVA DE CRÉDITO SICOOB UNI SUL MS;0;-
Comum_para débito_saque_consultas;5070112;COOPERATIVA DE CRÉDITO E ECONOMIA COM INTERAÇÃO SOLIDÁRIA - CRESOL INOVAÇÃO;0;-
Comum_para débito_saque_consultas;4608925;CREDJUST - COOPERATIVA DE CRÉDITO MÚTUO DOS INTEGRANTES DA JUSTIÇA DO TRABALHO DA 13ª REGIÃO LTDA.;0;-
Comum_para débito_saque_consultas;57563728;COOPERATIVA DE ECONOMIA E CRÉDITO MÚTUO DOS EMPREGADOS DAS EMPRESAS DO GRUPO ECONÔMICO RHODIA - CREDIRHODIA;0;-
Comum_para débito_saque_consultas;64480833;COOPERATIVA DE CREDITO DE LIVRE ADMISSÃO DE MARTINHO CAMPOS LTDA - SICOOB CREDIMAC;0;-
Comum_para débito_saque_consultas;2000895;COOPERATIVA DE ECONOMIA E CRÉDITO MÚTUO DOS SERVIDORES DO PODER JUDICIÁRIO, DO TRIBUNAL DE CONTAS ESTADUAL E DEMAIS ÓRGÃOS PÚBLICOS MUNICIPAIS, ESTADUAIS E FEDERAIS NO ESTADO DO RIO DE JANEIRO LTDA. -;0;-
Comum_para débito_saque_consultas;2309070;CREDISIS JICRED - COOPERATIVA DE CRÉDITO DE LIVRE ADMISSÃO JICRED;0;-
Comum_para débito_saque_consultas;2929977;AGENCIA DE FOMENTO DO AMAPA S.A.;0;-
Comum_para débito_saque_consultas;9526594;BANCO MASTER DE INVESTIMENTO S.A.;0;-
Comum_para débito_saque_consultas;19875244;COOPERATIVA DE CRÉDITO DE LIVRE ADMISSÃO - SICOOB COPESITA;0;-
Comum_para débito_saque_consultas;94968518;EFX CORRETORA DE CÂMBIO LTDA.;0;-
Comum_para débito_saque_consultas;31872495;BANCO C6 S.A.;0;-
Comum_para débito_saque_consultas;1235921;COOPERATIVA DE CRÉDITO DOS SERVIDORES PÚBLICOS MUNICIPAIS DA GRANDE VITÓRIA/ES;0;-
Comum_para débito_saque_consultas;5597773;CREDISIS CREDIBRÁS COOPERATIVA DE CRÉDITO E INVESTIMENTO DE LIVRE ADMISSÃO DO OESTE DE RONDÔNIA;0;-
Comum_para débito_saque_consultas;73326449;COOPERATIVA DE CRÉDITO DE LIVRE ADMISSÃO DE ASSOCIADOS - SICOOB CRUZ ALTA;0;-
Comum_para débito_saque_consultas;1374196;COOPERATIVA DE CRÉDITO DE SÃO FRANCISCO DE SALES LTDA. - SICOOB CREDISALES;0;-
Comum_para débito_saque_consultas;26960328;COOPERATIVA DE CRÉDITO DE LIVRE ADMISSÃO DO TOCANTINS LTDA;0;-
Comum_para débito_saque_consultas;815319;COOPERATIVA DE CRÉDITO SUL-SERRANA DO ESPÍRITO SANTO;0;-
Comum_para débito_saque_consultas;806535;PLANNER CORRETORA DE VALORES S.A.;0;-
Comum_para débito_saque_consultas;1566038;COOPERATIVA DE CRÉDITO DE LIVRE ADMISSÃO DE ASSOCIADOS DE MANAUS;0;-
Comum_para débito_saque_consultas;31804966;COOPERATIVA DE CRÉDITO COOPERMAIS - SICOOB COOPERMAIS;0;-
Comum_para débito_saque_consultas;4388688;COOPERATIVA DE CRÉDITO SICOOB ENGECRED LTDA.;0;-
Comum_para débito_saque_consultas;4572960;COOPERATIVA DE ECONOMIA E CRÉDITO MÚTUO DOS MILITARES ESTADUAIS DE SANTA CATARINA - CREDPOM;0;-
Comum_para débito_saque_consultas;10209619;COOPERATIVA DE CRÉDITO DE LIVRE ADMISSÃO DA GRANDE GOIÂNIA LTDA.;0;-
Comum_para débito_saque_consultas;70116611;CENTRAL DAS COOPERATIVAS DE CRÉDITO DO NORDESTE - SICOOB CENTRAL NE;0;-
Comum_para débito_saque_consultas;97259253;COOPERATIVA E ECONOMIA E CRÉDITO MÚTUO DOS MÉDICOS DO PLANALTO MÉDIO DO RIO GRANDE DO SUL LTDA. - CREDISIS/CREDIPLAN;0;-
Comum_para débito_saque_consultas;2398976;SISPRIME DO BRASIL - COOPERATIVA DE CRÉDITO;0;-
Comum_para débito_saque_consultas;5494591;COOPERATIVA DE CRÉDITO E INVESTIMENTO COM INTERAÇÃO SOLIDÁRIA NASCENTE - CRESOL NASCENTE;0;-
Comum_para débito_saque_consultas;54603022;COOPERATIVA DE CREDITO CECRES - SICOOB CECRES;0;-
Comum_para débito_saque_consultas;8055016;COOPERATIVA DE CRÉDITO E ECONOMIA COM INTERAÇÃO SOLIDÁRIA - CRESOL INTERAÇÃO;0;-
Comum_para débito_saque_consultas;73092827;COOPERATIVA DE CRÉDITO MÚTUO DOS SERVIDORES DO MINISTERIO DA EDUCAÇÃO EM SÃO PAULO - COOPEMESP;0;-
Comum_para débito_saque_consultas;73422792;COOPERATIVA DE CREDITO DE LIVRE ADMISSAO DE RUBIATABA E REGIAO LTDA;0;-
Comum_para débito_saque_consultas;81011686;COOPERATIVA DE CRÉDITO DO NORTE CATARINENSE E SUL PARANAENSE - SICOOB CREDINORTE;0;-
Comum_para débito_saque_consultas;65239402;COOPERATIVA DE CRÉDITO UNIÃO DO CENTRO OESTE DE MINAS LTDA. - SICOOB CENTRO UNIÃO;0;-
Comum_para débito_saque_consultas;32430233;COOPERATIVA DE CRÉDITO CONEXÃO - SICOOB CONEXÃO;0;-
Comum_para débito_saque_consultas;5463212;COOPERATIVA CENTRAL DE CRÉDITO - AILOS;0;-
Comum_para débito_saque_consultas;15213150;BOCOM BBM CORRETORA DE CÂMBIO E VALORES MOBILIÁRIOS S.A.;0;-
Comum_para débito_saque_consultas;5097757;COOPERATIVA DE CRÉDITO E SERVIÇOS FINANCEIROS DE CURITIBA E REGIÃO METROPOLITANA;0;-
Comum_para débito_saque_consultas;3269540;COOPERATIVA DE CRÉDITO DOS SERVIDORES MILITARES, POLÍCIA CIVIL E DA SECRETARIA DE EDUCAÇÃO DO ESTADO DE MINAS GERAIS LTDA - SICOOB COOPEMG;0;-
Comum_para débito_saque_consultas;6975532;COOPERATIVA DE ECONOMIA E CRÉDITO MÚTUO DOS PEQUENOS EMPRESÁRIOS, MICROEMPRESÁRIOS E MICROEMPREENDEDORES DA REGIÃO METROPOLITANA DE PORTO ALEGRE - CREDISIS/COOPESA;0;-
Comum_para débito_saque_consultas;68512748;COOPERATIVA DE CRÉDITO CREDIESMERALDAS LTDA. - SICOOB CREDIESMERALDAS;0;-
Comum_para débito_saque_consultas;2072790;COOPERATIVA DE ECONOMIA CRÉDITO MÚTUO - SICOOB CREDSAÚDE;0;-
Comum_para débito_saque_consultas;25353939;COOPERATIVA DE CRÉDITO CREDIALP LTDA - SICOOB CREDIALP;0;-
Comum_para débito_saque_consultas;869687;COOPERATIVA DE CRÉDITO DE LIVRE ADMISSÃO DE BOA ESPERANÇA LTDA. - SICOOB BELCREDI;0;-
Comum_para débito_saque_consultas;44373041;COOPERATIVA DE CRÉDITO RURAL - CREDICANA;0;-
Comum_para débito_saque_consultas;67096909;COOPERATIVA DE CRÉDITO CREDICOCAPEC;0;-
Comum_para débito_saque_consultas;48172860;COOPERATIVA DE ECONOMIA E CRÉDITO MÚTUO DOS FUNCIONÁRIOS DA OWENS CORNING FIBERGLAS AMÉRICA DO SUL;0;-
Comum_para débito_saque_consultas;2347114;GREENCRED - COOPERATIVA DE CREDITO;0;-
Comum_para débito_saque_consultas;61384004;AVENUE SECURITIES DISTRIBUIDORA DE TÍTULOS E VALORES MOBILIÁRIOS LTDA.;0;-
Comum_para débito_saque_consultas;88043187;COOPERATIVA DE ECONOMIA E CRÉDITO MÚTUO DOS EMPREGADOS DA PROLEC GE BRASIL TRANSMISSÃO DE ENERGIA S.A.;0;-
Comum_para débito_saque_consultas;7599206;COOPERATIVA DE CRÉDITO DE LIVRE ADMISSÃO DA REGIÃO METROPOLITANA DE GOIÂNIA LTDA.;0;-
Comum_para débito_saque_consultas;10866788;BANCO BANDEPE S.A.;0;-
Comum_para débito_saque_consultas;5222094;COOPERATIVA DE CRÉDITO DE LIVRE ADMISSÃO DE PIRACANJUBA LTDA. - SICOOB CERRADO;0;-
Comum_para débito_saque_consultas;41805003;COOPERATIVA DE CRÉDITO DE LIVRE ADMISSÃO DO ALTO SÃO FRANCISCO LTDA.;0;-
Comum_para débito_saque_consultas;8488377;COOPERATIVA DE CRÉDITO E INVESTIMENTO COM INTERAÇÃO SOLIDÁRIA MISSÕES FRONTEIRA RS - CRESOL MISSÕES FRONTEIRA RS;0;-
Comum_para débito_saque_consultas;20251847;SUDACRED - SOCIEDADE DE CRÉDITO AO MICROEMPREENDEDOR E À EMPRESA DE PEQUENO PORTE LTDA.;0;-
Comum_para débito_saque_consultas;43774196;AGROLEND SOCIEDADE DE CREDITO, FINANCIAMENTO E INVESTIMENTO S.A.;0;-
Comum_para débito_saque_consultas;78483310;COOPERATIVA DE CRÉDITO DE LIVRE ADMISSÃO DE ASSOCIADOS ITAPIRANGA - SICOOB CREDITAPIRANGA SC/RS;0;-
Comum_para débito_saque_consultas;53623781;COOPERATIVA DE CRÉDITO COOPCRED;0;-
Comum_para débito_saque_consultas;90400888;BANCO SANTANDER (BRASIL) S.A.;0;-
Comum_para débito_saque_consultas;32615247;COOPERATIVA DE CREDITO SICOOB COOPEC LTDA.;0;-
Comum_para débito_saque_consultas;4715685;COOPERATIVA DE CRÉDITO MÚTUO DOS DESPACHANTES DE TRÂNSITO DE SANTA CATARINA E RIO GRANDE DO SUL - SICOOB CREDITRAN;0;-
Comum_para débito_saque_consultas;2931668;COOPERATIVA DE CRÉDITO DE LIVRE ADMISSÃO DO ESTADO DO RIO DE JANEIRO - SICOOB FLUMINENSE;0;-
Comum_para débito_saque_consultas;58160789;BANCO SAFRA S.A.;0;-
Comum_para débito_saque_consultas;78157146;CREDIALIANÇA COOPERATIVA DE CRÉDITO RURAL;0;-
Comum_para débito_saque_consultas;33657248;BANCO NACIONAL DE DESENVOLVIMENTO ECONOMICO E SOCIAL;0;-
Comum_para débito_saque_consultas;44469161;COOPECREDI GUARIBA - COOPERATIVA DE CREDITO;0;-
Comum_para débito_saque_consultas;4257795;NOVA FUTURA CORRETORA DE TÍTULOS E VALORES MOBILIÁRIOS LTDA.;0;-
Comum_para débito_saque_consultas;5220243;COOPERATIVA DE CRÉDITO E INVESTIMENTO COM INTERAÇÃO SOLIDÁRIA ORIGENS - CRESOL ORIGENS;0;-
Comum_para débito_saque_consultas;9033698;COOPERATIVA DE CRÉDITO DE LIVRE ADMISSÃO DE RIO VERDE E REGIÃO LTDA.;0;-
Comum_para débito_saque_consultas;2282165;COOPERATIVA DE CRÉDITO DO SUDOESTE BAIANO LTDA - SICOOB CREDICONQUISTA;0;-
Comum_para débito_saque_consultas;22610500;VORTX DISTRIBUIDORA DE TITULOS E VALORES MOBILIARIOS LTDA.;0;-
Comum_para débito_saque_consultas;3603683;COOPERATIVA DE ECONOMIA E CRÉDITO MÚTUO DOS SERVIDORES PÚBLICOS - SICOOB COOPERPLAN CREDSEF;0;-
Comum_para débito_saque_consultas;51489318;COOPERATIVA DE ECONOMIA E CRÉDITO MÚTUO DOS MAGISTRADOS DE SÃO PAULO - MAGISCRED;0;-
Comum_para débito_saque_consultas;54401286;COOPERATIVA DE CRÉDITO COCRE;0;-
Comum_para débito_saque_consultas;37079720;COOPERATIVA DE CRÉDITO DE LIVRE ADMISSÃO LTDA. - SICOOB CREDIJUSTRA;0;-
Comum_para débito_saque_consultas;78865995;COOPERATIVA DE CRÉDITO DE LIVRE ADMISSÃO DE ASSOCIADOS VALE DO RIO DO PEIXE - SICOOB CREDIRIO SC;0;-
